-- phpMyAdmin SQL Dump
-- version 5.2.1
-- https://www.phpmyadmin.net/
--
-- Host: 127.0.0.1
-- Generation Time: Nov 03, 2024 at 02:33 PM
-- Server version: 10.4.32-MariaDB
-- PHP Version: 8.1.25

SET SQL_MODE = "NO_AUTO_VALUE_ON_ZERO";
START TRANSACTION;
SET time_zone = "+00:00";


/*!40101 SET @OLD_CHARACTER_SET_CLIENT=@@CHARACTER_SET_CLIENT */;
/*!40101 SET @OLD_CHARACTER_SET_RESULTS=@@CHARACTER_SET_RESULTS */;
/*!40101 SET @OLD_COLLATION_CONNECTION=@@COLLATION_CONNECTION */;
/*!40101 SET NAMES utf8mb4 */;

--
-- Database: `siva_game`
--

-- --------------------------------------------------------

--
-- Table structure for table `admins`
--

CREATE TABLE `admins` (
  `id` int(11) NOT NULL,
  `username` varchar(50) NOT NULL,
  `email` varchar(100) NOT NULL,
  `password` varchar(255) NOT NULL,
  `created_at` timestamp NOT NULL DEFAULT current_timestamp()
) ENGINE=InnoDB DEFAULT CHARSET=utf8mb4 COLLATE=utf8mb4_general_ci;

--
-- Dumping data for table `admins`
--

INSERT INTO `admins` (`id`, `username`, `email`, `password`, `created_at`) VALUES
(2, 'balaji1', 'sivasivaraj938@gmail.com', '$2y$10$gQDCGYwirVsEGU/PWfMm0.42LLhUjKUgKnyft/QMRva5MkFXllOym', '2024-11-02 03:04:56'),
(3, 'sivaraj', '78sivasj@gmail.com', '$2y$10$3edb.uHlBcRnKbkOGuK9sugvHDwFcXlMoTJhJH2llfd13/2uWiXxG', '2024-11-02 15:09:52');

-- --------------------------------------------------------

--
-- Table structure for table `admin_transactions`
--

CREATE TABLE `admin_transactions` (
  `id` int(11) NOT NULL,
  `deposit_id` int(11) NOT NULL,
  `user_id` int(11) NOT NULL,
  `amount_inr` decimal(10,2) NOT NULL,
  `amount_usdt` decimal(10,2) NOT NULL,
  `status` enum('Pending','Approved','Rejected') DEFAULT 'Pending',
  `created_at` timestamp NOT NULL DEFAULT current_timestamp()
) ENGINE=InnoDB DEFAULT CHARSET=utf8mb4 COLLATE=utf8mb4_general_ci;

-- --------------------------------------------------------

--
-- Table structure for table `bets`
--

CREATE TABLE `bets` (
  `id` int(11) NOT NULL,
  `user_id` int(11) DEFAULT NULL,
  `prediction_number` int(11) DEFAULT NULL,
  `bet_amount` decimal(10,2) DEFAULT NULL,
  `bet_choice` enum('UP','DRAW','DOWN') DEFAULT NULL,
  `outcome` enum('win','loss','pending') DEFAULT NULL,
  `created_at` datetime DEFAULT current_timestamp(),
  `recovery_added` tinyint(1) DEFAULT 0
) ENGINE=InnoDB DEFAULT CHARSET=utf8mb4 COLLATE=utf8mb4_general_ci;

--
-- Dumping data for table `bets`
--

INSERT INTO `bets` (`id`, `user_id`, `prediction_number`, `bet_amount`, `bet_choice`, `outcome`, `created_at`, `recovery_added`) VALUES
(1, 121, 28829162, 20.00, 'UP', NULL, '2024-10-23 18:52:22', 0),
(2, 121, 28829162, 50.00, 'DRAW', NULL, '2024-10-23 18:52:28', 0),
(3, 121, 28829162, 10.00, 'DOWN', NULL, '2024-10-23 18:52:34', 0),
(4, 121, 28829166, 50.00, 'UP', NULL, '2024-10-23 18:56:05', 0),
(5, 121, 28829166, 50.00, 'DOWN', NULL, '2024-10-23 18:56:09', 0),
(6, 121, 28829197, 50.00, 'DOWN', NULL, '2024-10-23 19:27:31', 0),
(7, 121, 28829212, 50.00, 'DOWN', NULL, '2024-10-23 19:42:06', 0),
(8, 121, 28829212, 20.00, 'UP', NULL, '2024-10-23 19:42:11', 0),
(9, 121, 28829212, 10.00, 'DRAW', NULL, '2024-10-23 19:42:16', 0),
(10, 121, 28829231, 100.00, 'DOWN', NULL, '2024-10-23 20:01:48', 0),
(11, 121, 28829231, 10.00, 'DOWN', NULL, '2024-10-23 20:01:53', 0),
(12, 121, 28829239, 20.00, 'UP', NULL, '2024-10-23 20:09:17', 0),
(13, 121, 28829241, 20.00, 'UP', NULL, '2024-10-23 20:11:37', 0),
(14, 121, 28829249, 20.00, 'UP', NULL, '2024-10-23 20:19:29', 0),
(15, 121, 28829958, 100.00, 'DOWN', NULL, '2024-10-24 08:08:39', 0),
(16, 121, 28829958, 10.00, 'UP', NULL, '2024-10-24 08:08:43', 0),
(17, 121, 28829964, 20.00, 'DOWN', NULL, '2024-10-24 08:14:45', 0),
(18, 121, 28830505, 10.00, 'UP', NULL, '2024-10-24 17:15:08', 0),
(19, 127, 28835661, 10.00, 'UP', NULL, '2024-10-28 07:11:40', 0),
(20, 127, 28835661, 20.00, 'DRAW', NULL, '2024-10-28 07:11:44', 0),
(21, 127, 28835661, 10.00, 'DOWN', NULL, '2024-10-28 07:11:48', 0),
(22, 146, 28836318, 50.00, 'UP', NULL, '2024-10-28 18:08:11', 0),
(23, 146, 28836318, 100.00, 'DOWN', NULL, '2024-10-28 18:08:16', 0),
(24, 146, 28836318, 90.00, 'DRAW', NULL, '2024-10-28 18:08:27', 0),
(25, 146, 28836318, 10.00, 'UP', NULL, '2024-10-28 18:08:32', 0),
(26, 121, 28836327, 1000.00, 'DOWN', NULL, '2024-10-28 18:17:03', 0),
(27, 121, 28836327, 1001.00, 'UP', NULL, '2024-10-28 18:17:13', 0),
(28, 121, 28836327, 100.00, 'DRAW', NULL, '2024-10-28 18:17:17', 0),
(29, 146, 28836347, 100.00, 'DOWN', NULL, '2024-10-28 18:37:08', 0),
(30, 146, 28836349, 10.00, 'DRAW', NULL, '2024-10-28 18:39:28', 0),
(31, 121, 28836361, 20.00, 'DRAW', NULL, '2024-10-28 18:51:20', 0),
(32, 121, 28836361, 10.00, 'UP', NULL, '2024-10-28 18:51:24', 0),
(33, 121, 28836361, 100.00, 'DRAW', NULL, '2024-10-28 18:51:29', 0),
(34, 121, 28836361, 100.00, 'DOWN', NULL, '2024-10-28 18:51:36', 0),
(35, 121, 28836361, 100.00, 'UP', NULL, '2024-10-28 18:51:41', 0),
(36, 121, 28836361, 100.00, 'UP', NULL, '2024-10-28 18:51:45', 0),
(37, 121, 28836368, 10.00, 'UP', NULL, '2024-10-28 18:58:24', 0),
(38, 121, 28836368, 100.00, 'UP', NULL, '2024-10-28 18:58:32', 0),
(39, 121, 28836368, 100.00, 'DOWN', NULL, '2024-10-28 18:58:38', 0),
(40, 121, 28836368, 10.00, 'DRAW', NULL, '2024-10-28 18:58:43', 0),
(41, 121, 28836372, 10.00, 'UP', NULL, '2024-10-28 19:02:42', 0),
(42, 121, 28836372, 10.00, 'DRAW', NULL, '2024-10-28 19:02:46', 0),
(43, 121, 28836372, 10.00, 'DOWN', NULL, '2024-10-28 19:02:50', 0),
(44, 121, 28836373, 50.00, 'DRAW', NULL, '2024-10-28 19:03:16', 0),
(45, 121, 28836373, 40.00, 'UP', NULL, '2024-10-28 19:03:24', 0),
(46, 121, 28836373, 29.00, 'DOWN', NULL, '2024-10-28 19:03:33', 0),
(47, 121, 28836382, 10.00, 'DRAW', NULL, '2024-10-28 19:12:27', 0),
(48, 121, 28836385, 10.00, 'UP', NULL, '2024-10-28 19:15:46', 0),
(49, 121, 28836385, 20.00, 'DRAW', NULL, '2024-10-28 19:15:51', 0),
(50, 121, 28836385, 50.00, 'DOWN', NULL, '2024-10-28 19:15:54', 0),
(51, 121, 28836386, 10.00, 'UP', NULL, '2024-10-28 19:16:21', 0),
(52, 121, 28836386, 20.00, 'DRAW', NULL, '2024-10-28 19:16:25', 0),
(53, 121, 28836386, 50.00, 'DOWN', NULL, '2024-10-28 19:16:28', 0),
(54, 121, 28836386, 50.00, 'UP', NULL, '2024-10-28 19:16:37', 0),
(55, 121, 28836389, 20.00, 'UP', NULL, '2024-10-28 19:19:19', 0),
(56, 121, 28836389, 10.00, 'DRAW', NULL, '2024-10-28 19:19:23', 0),
(57, 121, 28836389, 100.00, 'DOWN', NULL, '2024-10-28 19:19:25', 0),
(58, 121, 28836389, 50.00, 'UP', NULL, '2024-10-28 19:19:30', 0),
(59, 121, 28836402, 10.00, 'DRAW', NULL, '2024-10-28 19:32:12', 0),
(60, 121, 28836402, 10.00, 'UP', NULL, '2024-10-28 19:32:16', 0),
(61, 121, 28836402, 10.00, 'DOWN', NULL, '2024-10-28 19:32:20', 0),
(62, 121, 28836402, 100.00, 'UP', NULL, '2024-10-28 19:32:27', 0),
(63, 121, 28836402, 100.00, 'DOWN', NULL, '2024-10-28 19:32:32', 0),
(64, 121, 28836433, 10.00, 'UP', NULL, '2024-10-28 20:03:37', 0),
(65, 121, 28836433, 11.00, 'DRAW', NULL, '2024-10-28 20:03:45', 0),
(66, 121, 28836433, 17.00, 'DOWN', NULL, '2024-10-28 20:03:53', 0),
(67, 121, 28836441, 100.00, 'UP', NULL, '2024-10-28 20:11:11', 0),
(68, 121, 28836441, 10.00, 'DRAW', NULL, '2024-10-28 20:11:19', 0),
(69, 121, 28836441, 100.00, 'DOWN', NULL, '2024-10-28 20:11:33', 0),
(70, 121, 28836444, 100.00, 'DOWN', NULL, '2024-10-28 20:14:23', 0),
(71, 121, 28836472, 10.00, '', NULL, '2024-10-28 20:42:36', 0),
(72, 121, 28836472, 10.00, '', NULL, '2024-10-28 21:06:50', 0),
(73, 121, 28836506, 50.00, 'DRAW', NULL, '2024-10-28 21:16:49', 0),
(74, 121, 28836506, 10.00, 'UP', NULL, '2024-10-28 21:16:53', 0),
(75, 121, 28836515, 10.00, 'UP', NULL, '2024-10-28 21:25:25', 0),
(76, 121, 28836515, 10.00, 'UP', NULL, '2024-10-28 21:25:30', 0),
(77, 121, 28836515, 20.00, 'DRAW', NULL, '2024-10-28 21:25:35', 0),
(78, 121, 28836515, 20.00, 'DOWN', NULL, '2024-10-28 21:25:38', 0),
(79, 121, 28836516, 20.00, 'UP', NULL, '2024-10-28 21:26:39', 0),
(80, 121, 28836516, 20.00, 'DRAW', NULL, '2024-10-28 21:26:43', 0),
(81, 121, 28836516, 20.00, 'DOWN', NULL, '2024-10-28 21:26:46', 0),
(82, 121, 28837108, 20.00, 'UP', NULL, '2024-10-29 07:18:22', 0),
(83, 121, 28837108, 10.00, 'DRAW', NULL, '2024-10-29 07:18:28', 0),
(84, 121, 28837108, 10.00, 'DOWN', NULL, '2024-10-29 07:18:32', 0),
(85, 121, 28837121, 10.00, '', NULL, '2024-10-29 07:31:40', 0),
(86, 121, 28837121, 10.00, '', NULL, '2024-10-29 07:31:44', 0),
(87, 121, 28837121, 10.00, 'UP', NULL, '2024-10-29 07:31:48', 0),
(88, 121, 28837121, 20.00, 'DRAW', NULL, '2024-10-29 07:31:51', 0),
(89, 121, 28837121, 100.00, 'DOWN', NULL, '2024-10-29 07:31:54', 0),
(90, 121, 28837123, 50.00, 'DOWN', NULL, '2024-10-29 07:33:05', 0),
(91, 121, 28837123, 50.00, 'DRAW', NULL, '2024-10-29 07:33:08', 0),
(92, 121, 28837123, 50.00, 'DOWN', NULL, '2024-10-29 07:33:11', 0),
(93, 121, 28837138, 100.00, 'DRAW', NULL, '2024-10-29 07:48:04', 0),
(94, 121, 28837138, 50.00, 'DOWN', NULL, '2024-10-29 07:48:11', 0),
(95, 121, 28837138, 70.00, 'UP', NULL, '2024-10-29 07:48:19', 0),
(96, 147, 28837148, 100.00, 'DRAW', NULL, '2024-10-29 07:58:32', 0),
(97, 147, 28837148, 200.00, 'DOWN', NULL, '2024-10-29 07:58:40', 0),
(98, 147, 28837148, 100.00, 'UP', NULL, '2024-10-29 07:58:44', 0),
(99, 147, 28837153, 10.00, 'DRAW', NULL, '2024-10-29 08:03:25', 0),
(100, 147, 28837153, 51.00, 'UP', NULL, '2024-10-29 08:03:32', 0),
(101, 147, 28837153, 59.00, 'DOWN', NULL, '2024-10-29 08:03:49', 0),
(102, 147, 28837154, 1000.00, 'DOWN', NULL, '2024-10-29 08:04:43', 0),
(103, 147, 28837154, 1000.00, 'DRAW', NULL, '2024-10-29 08:04:47', 0),
(104, 147, 28837154, 1000.00, 'UP', NULL, '2024-10-29 08:04:50', 0),
(105, 147, 28837155, 1000.00, 'DOWN', NULL, '2024-10-29 08:05:21', 0),
(106, 147, 28837155, 800.00, '', NULL, '2024-10-29 08:05:30', 0),
(107, 147, 28837155, 80.00, '', NULL, '2024-10-29 08:05:42', 0),
(108, 147, 28837178, 20.00, 'UP', NULL, '2024-10-29 08:29:21', 0),
(109, 147, 28837179, 1000.00, 'DOWN', NULL, '2024-10-29 08:29:27', 0),
(110, 147, 28837183, 100.00, 'DOWN', NULL, '2024-10-29 08:33:22', 0),
(111, 147, 28837183, 110.00, 'DRAW', NULL, '2024-10-29 08:33:36', 0),
(112, 147, 28837215, 1000.00, 'DOWN', NULL, '2024-10-29 09:05:07', 0),
(113, 147, 28837215, 1000.00, 'UP', NULL, '2024-10-29 09:05:14', 0),
(114, 147, 28837215, 100.00, 'DRAW', NULL, '2024-10-29 09:05:24', 0),
(115, 147, 28837216, 1000.00, 'DOWN', NULL, '2024-10-29 09:06:38', 0),
(116, 147, 28837216, 1000.00, 'UP', NULL, '2024-10-29 09:06:45', 0),
(117, 147, 28837224, 50.00, 'DOWN', NULL, '2024-10-29 09:14:51', 0),
(118, 121, 28837671, 50.00, 'DOWN', NULL, '2024-10-29 16:41:15', 0),
(119, 121, 28837671, 100.00, 'DRAW', NULL, '2024-10-29 16:41:18', 0),
(120, 121, 28837671, 50.00, 'UP', NULL, '2024-10-29 16:41:22', 0),
(121, 121, 28837671, 20.00, 'UP', NULL, '2024-10-29 16:41:26', 0),
(122, 121, 28837671, 100.00, 'DOWN', NULL, '2024-10-29 16:41:29', 0),
(123, 121, 28837671, 100.00, 'DRAW', NULL, '2024-10-29 16:41:33', 0),
(124, 121, 28837671, 100.00, 'UP', NULL, '2024-10-29 16:41:39', 0),
(125, 146, 28837685, 10.00, 'DRAW', NULL, '2024-10-29 16:55:38', 0),
(126, 146, 28837688, 10.00, 'DOWN', NULL, '2024-10-29 16:58:14', 0),
(127, 146, 28837694, 10.00, 'UP', NULL, '2024-10-29 17:04:06', 0),
(128, 146, 28837702, 100.00, 'DOWN', NULL, '2024-10-29 17:12:37', 0),
(129, 146, 28837702, 20.00, 'UP', NULL, '2024-10-29 17:12:50', 0),
(130, 146, 28837702, 100.00, 'UP', NULL, '2024-10-29 17:12:55', 0),
(131, 146, 28837706, 100.00, 'DOWN', NULL, '2024-10-29 17:16:31', 0),
(132, 146, 28837706, 50.00, 'DRAW', NULL, '2024-10-29 17:16:36', 0),
(133, 146, 28837706, 100.00, 'UP', NULL, '2024-10-29 17:16:40', 0),
(134, 146, 28837706, 10.00, 'DRAW', NULL, '2024-10-29 17:16:44', 0),
(135, 146, 28837711, 2000.00, 'DOWN', NULL, '2024-10-29 17:21:40', 0),
(136, 146, 28837711, 1000.00, 'UP', NULL, '2024-10-29 17:21:46', 0),
(137, 146, 28837711, 200.00, 'DRAW', NULL, '2024-10-29 17:21:52', 0),
(138, 146, 28837720, 200.00, '', NULL, '2024-10-29 17:30:18', 0),
(139, 146, 28837728, 200.00, '', NULL, '2024-10-29 17:38:28', 0),
(140, 146, 28837728, 200.00, 'DOWN', NULL, '2024-10-29 17:38:40', 0),
(141, 146, 28837729, 50.00, 'DRAW', NULL, '2024-10-29 17:39:05', 0),
(142, 146, 28837729, 10.00, 'UP', NULL, '2024-10-29 17:39:10', 0),
(143, 146, 28837729, 100.00, 'DOWN', NULL, '2024-10-29 17:39:13', 0),
(144, 146, 28837729, 200.00, 'DOWN', NULL, '2024-10-29 17:39:18', 0),
(145, 146, 28837729, 100.00, 'DOWN', NULL, '2024-10-29 17:39:23', 0),
(146, 146, 28837729, 50.00, 'DRAW', NULL, '2024-10-29 17:39:34', 0),
(147, 146, 28837729, 20.00, 'UP', NULL, '2024-10-29 17:39:39', 0),
(148, 146, 28837729, 500.00, 'DRAW', NULL, '2024-10-29 17:39:43', 0),
(149, 146, 28837752, 100.00, 'DOWN', NULL, '2024-10-29 18:02:14', 0),
(150, 146, 28837752, 20.00, 'DOWN', NULL, '2024-10-29 18:02:25', 0),
(151, 146, 28837752, 100.00, 'DRAW', NULL, '2024-10-29 18:02:32', 0),
(152, 146, 28837752, 50.00, 'DOWN', NULL, '2024-10-29 18:02:35', 0),
(153, 146, 28837752, 100.00, 'DRAW', NULL, '2024-10-29 18:02:39', 0),
(154, 146, 28837761, 100.00, 'DOWN', NULL, '2024-10-29 18:11:08', 0),
(155, 146, 28837761, 100.00, 'UP', NULL, '2024-10-29 18:11:25', 0),
(156, 146, 28837761, 100.00, 'DOWN', NULL, '2024-10-29 18:11:28', 0),
(157, 146, 28837761, 10.00, 'UP', NULL, '2024-10-29 18:11:32', 0),
(158, 146, 28837761, 50.00, 'DOWN', NULL, '2024-10-29 18:11:34', 0),
(159, 146, 28837761, 50.00, 'DRAW', NULL, '2024-10-29 18:11:36', 0),
(160, 146, 28837771, 100.00, 'DOWN', NULL, '2024-10-29 18:21:34', 0),
(161, 146, 28837771, 50.00, '', NULL, '2024-10-29 18:21:39', 0),
(162, 146, 28837771, 100.00, '', NULL, '2024-10-29 18:21:45', 0),
(163, 146, 28837772, 100.00, 'DOWN', NULL, '2024-10-29 18:22:11', 0),
(164, 146, 28837772, 50.00, 'DRAW', NULL, '2024-10-29 18:22:15', 0),
(165, 146, 28837772, 100.00, 'UP', NULL, '2024-10-29 18:22:20', 0),
(166, 146, 28837772, 500.00, 'UP', NULL, '2024-10-29 18:22:25', 0),
(167, 146, 28837772, 500.00, 'DRAW', NULL, '2024-10-29 18:22:28', 0),
(168, 146, 28837772, 500.00, 'DOWN', NULL, '2024-10-29 18:22:31', 0),
(169, 146, 28837772, 50.00, 'UP', NULL, '2024-10-29 18:22:34', 0),
(170, 146, 28837772, 100.00, 'DRAW', NULL, '2024-10-29 18:22:37', 0),
(171, 146, 28837793, 100.00, 'DOWN', NULL, '2024-10-29 18:43:45', 0),
(172, 146, 28837794, 10.00, '', NULL, '2024-10-29 18:44:08', 0),
(173, 146, 28837794, 10.00, 'DRAW', NULL, '2024-10-29 18:44:16', 0),
(174, 146, 28837794, 100.00, 'UP', NULL, '2024-10-29 18:44:20', 0),
(175, 146, 28837794, 20.00, 'DOWN', NULL, '2024-10-29 18:44:31', 0),
(176, 146, 28837795, 1000.00, 'UP', NULL, '2024-10-29 18:45:21', 0),
(177, 146, 28837795, 1000.00, 'DOWN', NULL, '2024-10-29 18:45:26', 0),
(178, 146, 28837795, 100.00, 'DRAW', NULL, '2024-10-29 18:45:29', 0),
(179, 146, 28837795, 100.00, 'DOWN', NULL, '2024-10-29 18:45:34', 0),
(180, 146, 28837795, 100.00, 'DOWN', NULL, '2024-10-29 18:45:37', 0),
(181, 146, 28837795, 500.00, 'UP', NULL, '2024-10-29 18:45:43', 0),
(182, 146, 28837798, 10.00, 'DRAW', NULL, '2024-10-29 18:48:16', 0),
(183, 146, 28837798, 30.00, 'UP', NULL, '2024-10-29 18:48:31', 0),
(184, 146, 28837798, 30.00, 'DOWN', NULL, '2024-10-29 18:48:37', 0),
(185, 146, 28837800, 100.00, 'DOWN', NULL, '2024-10-29 18:50:05', 0),
(186, 146, 28837800, 100.00, 'DRAW', NULL, '2024-10-29 18:50:09', 0),
(187, 146, 28837800, 100.00, 'DRAW', NULL, '2024-10-29 18:50:13', 0),
(188, 146, 28837800, 100.00, 'UP', NULL, '2024-10-29 18:50:17', 0),
(189, 146, 28837800, 100.00, 'DOWN', NULL, '2024-10-29 18:50:20', 0),
(190, 146, 28837800, 20.00, 'DRAW', NULL, '2024-10-29 18:50:23', 0),
(191, 146, 28837800, 50.00, 'DRAW', NULL, '2024-10-29 18:50:28', 0),
(192, 146, 28837800, 10.00, 'DOWN', NULL, '2024-10-29 18:50:33', 0),
(193, 121, 28838535, 100.00, 'DRAW', NULL, '2024-10-30 07:05:43', 0),
(194, 121, 28838536, 10.00, 'DRAW', NULL, '2024-10-30 07:06:44', 0),
(195, 121, 28838542, 10.00, 'DRAW', NULL, '2024-10-30 07:12:31', 0),
(196, 121, 28838542, 10.00, 'DOWN', NULL, '2024-10-30 07:12:35', 0),
(197, 121, 28838542, 10.00, 'UP', NULL, '2024-10-30 07:12:38', 0),
(198, 121, 28838547, 10.00, 'DRAW', NULL, '2024-10-30 07:17:21', 0),
(199, 121, 28838547, 10.00, 'DOWN', NULL, '2024-10-30 07:17:24', 0),
(200, 121, 28838547, 10.00, 'UP', NULL, '2024-10-30 07:17:27', 0),
(201, 121, 28838547, 10.00, 'DRAW', NULL, '2024-10-30 07:17:39', 0),
(202, 121, 28838547, 10.00, 'DOWN', NULL, '2024-10-30 07:17:43', 0),
(203, 121, 28838551, 10.00, 'UP', NULL, '2024-10-30 07:21:24', 0),
(204, 121, 28838551, 10.00, 'DRAW', NULL, '2024-10-30 07:21:27', 0),
(205, 121, 28838551, 10.00, 'DRAW', NULL, '2024-10-30 07:21:30', 0),
(206, 121, 28838551, 10.00, '', NULL, '2024-10-30 07:21:34', 0),
(207, 121, 28838551, 10.00, 'DRAW', NULL, '2024-10-30 07:21:43', 0),
(208, 121, 28838557, 10.00, 'UP', NULL, '2024-10-30 07:27:19', 0),
(209, 121, 28838557, 10.00, 'DRAW', NULL, '2024-10-30 07:27:23', 0),
(210, 121, 28838557, 10.00, 'DOWN', NULL, '2024-10-30 07:27:26', 0),
(211, 121, 28838557, 10.00, 'UP', NULL, '2024-10-30 07:27:34', 0),
(212, 121, 28838559, 10.00, 'UP', NULL, '2024-10-30 07:29:52', 0),
(213, 121, 28838560, 20.00, 'UP', NULL, '2024-10-30 07:30:08', 0),
(214, 121, 28838560, 50.00, 'DRAW', NULL, '2024-10-30 07:30:20', 0),
(215, 121, 28838560, 20.00, 'DOWN', NULL, '2024-10-30 07:30:25', 0),
(216, 146, 28838562, 10.00, 'DRAW', NULL, '2024-10-30 07:32:08', 0),
(217, 146, 28838562, 100.00, 'DRAW', NULL, '2024-10-30 07:32:11', 0),
(218, 146, 28838562, 200.00, 'DOWN', NULL, '2024-10-30 07:32:13', 0),
(219, 146, 28838562, 50.00, 'UP', NULL, '2024-10-30 07:32:16', 0),
(220, 146, 28838567, 10.00, 'UP', NULL, '2024-10-30 07:37:07', 0),
(221, 146, 28838567, 10.00, 'DOWN', NULL, '2024-10-30 07:37:12', 0),
(222, 146, 28838567, 20.00, 'DRAW', NULL, '2024-10-30 07:37:19', 0),
(223, 146, 28838569, 50.00, 'DRAW', NULL, '2024-10-30 07:39:24', 0),
(224, 146, 28838569, 500.00, 'UP', NULL, '2024-10-30 07:39:28', 0),
(225, 146, 28838569, 200.00, 'DOWN', NULL, '2024-10-30 07:39:36', 0),
(226, 146, 28838571, 500.00, 'UP', NULL, '2024-10-30 07:41:06', 0),
(227, 146, 28838571, 50.00, 'DRAW', NULL, '2024-10-30 07:41:20', 0),
(228, 146, 28838571, 100.00, 'DOWN', NULL, '2024-10-30 07:41:24', 0),
(229, 146, 28838572, 2000.00, 'DOWN', NULL, '2024-10-30 07:42:07', 0),
(230, 146, 28838572, 500.00, 'DRAW', NULL, '2024-10-30 07:42:14', 0),
(231, 146, 28838572, 500.00, 'UP', NULL, '2024-10-30 07:42:18', 0),
(232, 146, 28838572, 500.00, '', NULL, '2024-10-30 07:42:23', 0),
(233, 146, 28838572, 200.00, 'DOWN', NULL, '2024-10-30 07:42:39', 0),
(234, 146, 28838573, 500.00, 'DOWN', NULL, '2024-10-30 07:43:31', 0),
(235, 146, 28838574, 2000.00, 'DOWN', NULL, '2024-10-30 07:44:16', 0),
(236, 146, 28838574, 10.00, '', NULL, '2024-10-30 07:44:21', 0),
(237, 146, 28838574, 10.00, '', NULL, '2024-10-30 07:44:31', 0),
(238, 146, 28838574, 10.00, 'UP', NULL, '2024-10-30 07:44:37', 0),
(239, 146, 28838574, 200.00, '', NULL, '2024-10-30 07:44:43', 0),
(240, 121, 28838584, 200.00, 'DRAW', NULL, '2024-10-30 07:54:25', 0),
(241, 121, 28838584, 500.00, 'DOWN', NULL, '2024-10-30 07:54:28', 0),
(242, 121, 28838584, 100.00, 'UP', NULL, '2024-10-30 07:54:31', 0),
(243, 121, 28838584, 2000.00, 'DOWN', NULL, '2024-10-30 07:54:36', 0),
(244, 121, 28838584, 2000.00, 'UP', NULL, '2024-10-30 07:54:39', 0),
(245, 121, 28838584, 100.00, 'DRAW', NULL, '2024-10-30 07:54:43', 0),
(246, 125, 28838590, 100.00, 'DOWN', NULL, '2024-10-30 08:00:30', 0),
(247, 125, 28838590, 100.00, 'DRAW', NULL, '2024-10-30 08:00:32', 0),
(248, 125, 28838590, 100.00, 'UP', NULL, '2024-10-30 08:00:36', 0),
(249, 125, 28838591, 100.00, 'DRAW', NULL, '2024-10-30 08:01:26', 0),
(250, 125, 28838591, 100.00, 'DOWN', NULL, '2024-10-30 08:01:29', 0),
(251, 125, 28838591, 100.00, 'UP', NULL, '2024-10-30 08:01:32', 0),
(252, 125, 28838592, 2000.00, 'DOWN', NULL, '2024-10-30 08:02:23', 0),
(253, 125, 28838592, 2000.00, 'UP', NULL, '2024-10-30 08:02:26', 0),
(254, 125, 28838592, 500.00, 'DRAW', NULL, '2024-10-30 08:02:32', 0),
(255, 125, 28839291, 5000.00, 'DRAW', NULL, '2024-10-30 19:41:36', 0),
(256, 125, 28839291, 5000.00, 'UP', NULL, '2024-10-30 19:41:43', 0),
(257, 125, 28839292, 5000.00, 'UP', NULL, '2024-10-30 19:42:36', 0),
(258, 125, 28839292, 5000.00, 'DOWN', NULL, '2024-10-30 19:42:40', 0),
(259, 125, 28839296, 5000.00, 'UP', NULL, '2024-10-30 19:46:10', 0),
(260, 125, 28839296, 5000.00, 'DOWN', NULL, '2024-10-30 19:46:14', 0),
(261, 125, 28839296, 5000.00, 'DRAW', NULL, '2024-10-30 19:46:17', 0),
(262, 125, 28839296, 500.00, 'UP', NULL, '2024-10-30 19:46:22', 0),
(263, 125, 28839296, 500.00, 'DRAW', NULL, '2024-10-30 19:46:35', 0),
(264, 125, 28839296, 500.00, 'DOWN', NULL, '2024-10-30 19:46:38', 0),
(265, 125, 28839296, 100.00, 'UP', NULL, '2024-10-30 19:46:45', 0),
(266, 125, 28839361, 5000.00, '', NULL, '2024-10-30 20:51:32', 0),
(267, 125, 28839362, 100.00, 'DRAW', NULL, '2024-10-30 20:52:08', 0),
(268, 125, 28839362, 500.00, 'DOWN', NULL, '2024-10-30 20:52:24', 0),
(269, 125, 28839362, 2000.00, 'DRAW', NULL, '2024-10-30 20:52:28', 0),
(270, 125, 28839362, 5000.00, 'UP', NULL, '2024-10-30 20:52:32', 0),
(271, 125, 28839368, 50.00, 'DRAW', NULL, '2024-10-30 20:58:24', 0),
(272, 125, 28839368, 200.00, 'DOWN', NULL, '2024-10-30 20:58:27', 0),
(273, 125, 28839368, 100.00, 'UP', NULL, '2024-10-30 20:58:31', 0),
(274, 125, 28839368, 500.00, 'DRAW', NULL, '2024-10-30 20:58:35', 0),
(275, 125, 28839368, 100.00, 'DOWN', NULL, '2024-10-30 20:58:40', 0),
(276, 125, 28839368, 50.00, 'UP', NULL, '2024-10-30 20:58:43', 0),
(277, 125, 28839370, 200.00, 'DOWN', NULL, '2024-10-30 21:00:04', 0),
(278, 125, 28839370, 200.00, 'UP', NULL, '2024-10-30 21:00:08', 0),
(279, 125, 28839370, 70.00, 'DRAW', NULL, '2024-10-30 21:00:18', 0),
(280, 125, 28839372, 200.00, 'UP', NULL, '2024-10-30 21:02:17', 0),
(281, 125, 28839372, 230.00, 'DRAW', NULL, '2024-10-30 21:02:28', 0),
(282, 121, 28841618, 10.00, 'DOWN', NULL, '2024-11-01 10:28:20', 0),
(283, 121, 28841618, 100.00, 'DRAW', NULL, '2024-11-01 10:28:24', 0),
(284, 125, 28841639, 100.00, 'DRAW', NULL, '2024-11-01 10:49:31', 0),
(285, 125, 28841639, 200.00, 'DOWN', NULL, '2024-11-01 10:49:38', 0),
(286, 125, 28841639, 200.00, 'UP', NULL, '2024-11-01 10:49:44', 0),
(287, 125, 28842131, 500.00, 'DOWN', NULL, '2024-11-01 19:01:18', 0),
(288, 125, 28842131, 500.00, 'DRAW', NULL, '2024-11-01 19:01:21', 0),
(289, 125, 28842131, 500.00, 'UP', NULL, '2024-11-01 19:01:25', 0),
(290, 125, 28842253, 500.00, '', NULL, '2024-11-01 21:03:39', 0),
(291, 125, 28842253, 500.00, '', NULL, '2024-11-01 21:03:53', 0),
(292, 125, 28842254, 200.00, 'DOWN', NULL, '2024-11-01 21:04:02', 0),
(293, 125, 28842254, 500.00, 'UP', NULL, '2024-11-01 21:04:07', 0),
(294, 125, 28842254, 500.00, 'DRAW', NULL, '2024-11-01 21:04:10', 0),
(295, 125, 28842254, 500.00, 'DOWN', NULL, '2024-11-01 21:04:12', 0),
(296, 125, 28842863, 5000.00, 'UP', NULL, '2024-11-02 07:13:16', 0),
(297, 125, 28842863, 5000.00, 'DRAW', NULL, '2024-11-02 07:13:20', 0),
(298, 125, 28842863, 5000.00, 'DOWN', NULL, '2024-11-02 07:13:26', 0),
(299, 125, 28842932, 5000.00, 'DOWN', NULL, '2024-11-02 08:22:34', 0),
(300, 125, 28842932, 5000.00, 'DRAW', NULL, '2024-11-02 08:22:38', 0),
(301, 125, 28842932, 5000.00, 'UP', NULL, '2024-11-02 08:22:41', 0),
(302, 158, 28843145, 500.00, 'DOWN', NULL, '2024-11-02 11:55:04', 0),
(303, 158, 28843145, 500.00, 'DRAW', NULL, '2024-11-02 11:55:07', 0),
(304, 158, 28843145, 500.00, 'UP', NULL, '2024-11-02 11:55:11', 0),
(305, 158, 28843145, 2000.00, 'DOWN', NULL, '2024-11-02 11:55:19', 0),
(306, 158, 28843145, 1000.00, 'UP', NULL, '2024-11-02 11:55:27', 0),
(307, 158, 28843311, 2000.00, 'DOWN', NULL, '2024-11-02 14:41:44', 0),
(308, 158, 28843620, 10.00, 'UP', NULL, '2024-11-02 19:50:18', 0),
(309, 158, 28843620, 100.00, 'UP', NULL, '2024-11-02 19:50:33', 0),
(310, 158, 28843620, 100.00, 'DRAW', NULL, '2024-11-02 19:50:36', 0),
(311, 158, 28843620, 100.00, 'DOWN', NULL, '2024-11-02 19:50:39', 0),
(312, 158, 28843620, 500.00, 'UP', NULL, '2024-11-02 19:50:43', 0),
(313, 158, 28843622, 200.00, 'DOWN', NULL, '2024-11-02 19:52:04', 0),
(314, 158, 28843622, 200.00, '', NULL, '2024-11-02 19:52:06', 0),
(315, 158, 28843624, 500.00, 'DOWN', NULL, '2024-11-02 19:54:07', 0),
(316, 158, 28843624, 500.00, 'DRAW', NULL, '2024-11-02 19:54:10', 0),
(317, 158, 28843624, 500.00, 'UP', NULL, '2024-11-02 19:54:14', 0),
(318, 158, 28843633, 100.00, 'UP', NULL, '2024-11-02 20:03:08', 0),
(319, 158, 28843633, 200.00, 'DRAW', NULL, '2024-11-02 20:03:12', 0),
(320, 158, 28843633, 200.00, 'DOWN', NULL, '2024-11-02 20:03:14', 0),
(321, 158, 28843718, 500.00, 'DOWN', NULL, '2024-11-02 21:28:04', 0),
(322, 158, 28843718, 500.00, 'DRAW', NULL, '2024-11-02 21:28:07', 0),
(323, 158, 28843718, 200.00, 'UP', NULL, '2024-11-02 21:28:11', 0);

-- --------------------------------------------------------

--
-- Table structure for table `deposits`
--

CREATE TABLE `deposits` (
  `id` int(11) NOT NULL,
  `user_id` int(11) NOT NULL,
  `amount_inr` decimal(10,2) NOT NULL,
  `amount_usdt` decimal(10,4) NOT NULL,
  `screenshot` varchar(255) NOT NULL,
  `status` enum('pending','approved','rejected') DEFAULT 'pending',
  `created_at` timestamp NOT NULL DEFAULT current_timestamp()
) ENGINE=InnoDB DEFAULT CHARSET=utf8mb4 COLLATE=utf8mb4_general_ci;

--
-- Dumping data for table `deposits`
--

INSERT INTO `deposits` (`id`, `user_id`, `amount_inr`, `amount_usdt`, `screenshot`, `status`, `created_at`) VALUES
(1, 121, 200.00, 2.4242, 'uploads/1730002372_spiderman-wallpaper.jpg', 'pending', '2024-10-27 04:12:52'),
(2, 121, 333.00, 4.0364, 'uploads/1730002406_spiderman-wallpaper.jpg', 'pending', '2024-10-27 04:13:26'),
(3, 121, 1000.00, 12.1212, 'uploads/1730004149_spiderman-wallpaper.jpg', 'approved', '2024-10-27 04:42:29'),
(4, 121, 200.00, 2.4242, 'uploads/1730005301_spiderman-wallpaper.jpg', 'pending', '2024-10-27 05:01:41'),
(5, 121, 200.00, 2.4242, 'uploads/1730005633_spiderman-wallpaper.jpg', 'pending', '2024-10-27 05:07:13'),
(6, 121, 200.00, 2.4242, 'uploads/1730006051_spiderman-wallpaper.jpg', 'pending', '2024-10-27 05:14:11');

-- --------------------------------------------------------

--
-- Table structure for table `messages`
--

CREATE TABLE `messages` (
  `id` int(11) NOT NULL,
  `user_id` int(11) NOT NULL,
  `message` text NOT NULL,
  `file` varchar(255) DEFAULT NULL,
  `sender` enum('user','admin') NOT NULL,
  `is_read` tinyint(1) DEFAULT 0,
  `created_at` timestamp NOT NULL DEFAULT current_timestamp(),
  `file_path` varchar(255) DEFAULT NULL
) ENGINE=InnoDB DEFAULT CHARSET=utf8mb4 COLLATE=utf8mb4_general_ci;

--
-- Dumping data for table `messages`
--

INSERT INTO `messages` (`id`, `user_id`, `message`, `file`, `sender`, `is_read`, `created_at`, `file_path`) VALUES
(1, 121, 'hi', '', 'user', 1, '2024-10-26 01:28:14', NULL),
(2, 121, 'hello', NULL, 'admin', 0, '2024-10-26 01:37:00', NULL),
(3, 147, 'hi', '', 'user', 1, '2024-10-29 03:34:16', NULL),
(4, 158, 'hi', '', 'user', 1, '2024-11-02 15:04:59', NULL),
(5, 158, 'hello', NULL, 'admin', 0, '2024-11-02 15:10:07', NULL);

-- --------------------------------------------------------

--
-- Table structure for table `predictions`
--

CREATE TABLE `predictions` (
  `prediction_number` int(11) NOT NULL,
  `up_bet` decimal(10,2) DEFAULT 0.00,
  `down_bet` decimal(10,2) DEFAULT 0.00,
  `draw_bet` decimal(10,2) DEFAULT 0.00,
  `winning_result` enum('UP','DOWN','DRAW') DEFAULT NULL,
  `created_at` timestamp NOT NULL DEFAULT current_timestamp()
) ENGINE=InnoDB DEFAULT CHARSET=utf8mb4 COLLATE=utf8mb4_general_ci;

--
-- Dumping data for table `predictions`
--

INSERT INTO `predictions` (`prediction_number`, `up_bet`, `down_bet`, `draw_bet`, `winning_result`, `created_at`) VALUES
(28829162, 20.00, 10.00, 50.00, 'DOWN', '2024-10-23 13:22:15'),
(28829163, 0.00, 0.00, 0.00, NULL, '2024-10-23 13:23:00'),
(28829165, 0.00, 0.00, 0.00, 'DOWN', '2024-10-23 13:25:51'),
(28829166, 50.00, 50.00, 0.00, NULL, '2024-10-23 13:26:00'),
(28829195, 0.00, 0.00, 0.00, 'DRAW', '2024-10-23 13:55:39'),
(28829196, 0.00, 0.00, 0.00, NULL, '2024-10-23 13:56:00'),
(28829197, 0.00, 50.00, 0.00, NULL, '2024-10-23 13:57:25'),
(28829211, 0.00, 0.00, 0.00, 'DRAW', '2024-10-23 14:11:50'),
(28829212, 20.00, 50.00, 10.00, 'UP', '2024-10-23 14:12:00'),
(28829213, 0.00, 0.00, 0.00, 'DOWN', '2024-10-23 14:13:01'),
(28829214, 0.00, 0.00, 0.00, 'DRAW', '2024-10-23 14:14:00'),
(28829215, 0.00, 0.00, 0.00, 'DOWN', '2024-10-23 14:15:00'),
(28829216, 0.00, 0.00, 0.00, 'UP', '2024-10-23 14:16:00'),
(28829217, 0.00, 0.00, 0.00, NULL, '2024-10-23 14:17:00'),
(28829231, 0.00, 110.00, 0.00, 'UP', '2024-10-23 14:31:42'),
(28829232, 0.00, 0.00, 0.00, 'DOWN', '2024-10-23 14:32:00'),
(28829233, 0.00, 0.00, 0.00, NULL, '2024-10-23 14:33:01'),
(28829239, 20.00, 0.00, 0.00, NULL, '2024-10-23 14:39:12'),
(28829241, 20.00, 0.00, 0.00, 'DRAW', '2024-10-23 14:41:32'),
(28829242, 0.00, 0.00, 0.00, NULL, '2024-10-23 14:42:00'),
(28829248, 0.00, 0.00, 0.00, 'DOWN', '2024-10-23 14:48:50'),
(28829249, 20.00, 0.00, 0.00, 'DRAW', '2024-10-23 14:49:00'),
(28829250, 0.00, 0.00, 0.00, 'UP', '2024-10-23 14:50:00'),
(28829251, 0.00, 0.00, 0.00, 'DRAW', '2024-10-23 14:51:01'),
(28829252, 0.00, 0.00, 0.00, NULL, '2024-10-23 14:52:00'),
(28829878, 0.00, 0.00, 0.00, NULL, '2024-10-24 01:18:18'),
(28829958, 10.00, 100.00, 0.00, 'DRAW', '2024-10-24 02:38:34'),
(28829959, 0.00, 0.00, 0.00, NULL, '2024-10-24 02:39:00'),
(28829962, 0.00, 0.00, 0.00, NULL, '2024-10-24 02:42:26'),
(28829964, 0.00, 20.00, 0.00, 'UP', '2024-10-24 02:44:41'),
(28829965, 0.00, 0.00, 0.00, NULL, '2024-10-24 02:45:00'),
(28830502, 0.00, 0.00, 0.00, NULL, '2024-10-24 11:42:05'),
(28830504, 0.00, 0.00, 0.00, 'UP', '2024-10-24 11:44:05'),
(28830505, 10.00, 0.00, 0.00, NULL, '2024-10-24 11:45:00'),
(28830506, 0.00, 0.00, 0.00, NULL, '2024-10-24 11:46:13'),
(28830662, 0.00, 0.00, 0.00, NULL, '2024-10-24 14:22:04'),
(28830773, 0.00, 0.00, 0.00, 'DRAW', '2024-10-24 16:13:46'),
(28830774, 0.00, 0.00, 0.00, NULL, '2024-10-24 16:14:00'),
(28831318, 0.00, 0.00, 0.00, NULL, '2024-10-25 01:18:48'),
(28831326, 0.00, 0.00, 0.00, 'DRAW', '2024-10-25 01:26:57'),
(28831327, 0.00, 0.00, 0.00, NULL, '2024-10-25 01:27:00'),
(28831968, 0.00, 0.00, 0.00, 'DRAW', '2024-10-25 12:08:20'),
(28831969, 0.00, 0.00, 0.00, NULL, '2024-10-25 12:09:00'),
(28831998, 0.00, 0.00, 0.00, 'DRAW', '2024-10-25 12:38:55'),
(28831999, 0.00, 0.00, 0.00, 'UP', '2024-10-25 12:39:00'),
(28832000, 0.00, 0.00, 0.00, NULL, '2024-10-25 12:40:01'),
(28832032, 0.00, 0.00, 0.00, 'DOWN', '2024-10-25 13:12:55'),
(28832033, 0.00, 0.00, 0.00, 'DRAW', '2024-10-25 13:13:01'),
(28832034, 0.00, 0.00, 0.00, 'DOWN', '2024-10-25 13:14:01'),
(28832035, 0.00, 0.00, 0.00, NULL, '2024-10-25 13:15:01'),
(28832767, 0.00, 0.00, 0.00, NULL, '2024-10-26 01:27:32'),
(28835661, 10.00, 10.00, 20.00, 'UP', '2024-10-28 01:41:36'),
(28835662, 0.00, 0.00, 0.00, NULL, '2024-10-28 01:42:00'),
(28835663, 0.00, 0.00, 0.00, NULL, '2024-10-28 01:43:07'),
(28836318, 60.00, 100.00, 90.00, 'UP', '2024-10-28 12:38:04'),
(28836319, 0.00, 0.00, 0.00, NULL, '2024-10-28 12:39:01'),
(28836323, 0.00, 0.00, 0.00, 'DRAW', '2024-10-28 12:43:32'),
(28836324, 0.00, 0.00, 0.00, NULL, '2024-10-28 12:44:01'),
(28836326, 0.00, 0.00, 0.00, 'DRAW', '2024-10-28 12:46:55'),
(28836327, 1001.00, 1000.00, 100.00, 'DRAW', '2024-10-28 12:47:00'),
(28836328, 0.00, 0.00, 0.00, NULL, '2024-10-28 12:48:00'),
(28836332, 0.00, 0.00, 0.00, 'DOWN', '2024-10-28 12:52:53'),
(28836333, 0.00, 0.00, 0.00, 'DRAW', '2024-10-28 12:53:00'),
(28836334, 0.00, 0.00, 0.00, NULL, '2024-10-28 12:54:02'),
(28836346, 0.00, 0.00, 0.00, 'UP', '2024-10-28 13:06:51'),
(28836347, 0.00, 100.00, 0.00, 'UP', '2024-10-28 13:07:00'),
(28836348, 0.00, 0.00, 0.00, 'DRAW', '2024-10-28 13:08:00'),
(28836349, 0.00, 0.00, 10.00, 'UP', '2024-10-28 13:09:00'),
(28836350, 0.00, 0.00, 0.00, 'UP', '2024-10-28 13:10:01'),
(28836351, 0.00, 0.00, 0.00, 'DOWN', '2024-10-28 13:11:00'),
(28836352, 0.00, 0.00, 0.00, NULL, '2024-10-28 13:12:00'),
(28836353, 0.00, 0.00, 0.00, 'DOWN', '2024-10-28 13:13:13'),
(28836354, 0.00, 0.00, 0.00, NULL, '2024-10-28 13:14:01'),
(28836361, 210.00, 100.00, 120.00, NULL, '2024-10-28 13:21:02'),
(28836362, 0.00, 0.00, 0.00, NULL, '2024-10-28 13:22:01'),
(28836366, 0.00, 0.00, 0.00, NULL, '2024-10-28 13:26:41'),
(28836367, 0.00, 0.00, 0.00, NULL, '2024-10-28 13:27:00'),
(28836368, 110.00, 100.00, 10.00, NULL, '2024-10-28 13:28:05'),
(28836369, 0.00, 0.00, 0.00, NULL, '2024-10-28 13:29:00'),
(28836370, 0.00, 0.00, 0.00, 'DOWN', '2024-10-28 13:30:21'),
(28836371, 0.00, 0.00, 0.00, 'DRAW', '2024-10-28 13:31:00'),
(28836372, 10.00, 10.00, 10.00, 'UP', '2024-10-28 13:32:00'),
(28836373, 40.00, 29.00, 50.00, 'DOWN', '2024-10-28 13:33:00'),
(28836374, 0.00, 0.00, 0.00, 'UP', '2024-10-28 13:34:01'),
(28836375, 0.00, 0.00, 0.00, 'DOWN', '2024-10-28 13:35:00'),
(28836376, 0.00, 0.00, 0.00, NULL, '2024-10-28 13:36:00'),
(28836377, 0.00, 0.00, 0.00, NULL, '2024-10-28 13:37:01'),
(28836379, 0.00, 0.00, 0.00, 'DOWN', '2024-10-28 13:39:15'),
(28836380, 0.00, 0.00, 0.00, NULL, '2024-10-28 13:40:00'),
(28836381, 0.00, 0.00, 0.00, 'DOWN', '2024-10-28 13:41:40'),
(28836382, 0.00, 0.00, 10.00, 'UP', '2024-10-28 13:42:00'),
(28836383, 0.00, 0.00, 0.00, 'DRAW', '2024-10-28 13:43:00'),
(28836384, 0.00, 0.00, 0.00, NULL, '2024-10-28 13:44:00'),
(28836385, 10.00, 50.00, 20.00, NULL, '2024-10-28 13:45:02'),
(28836386, 60.00, 50.00, 20.00, NULL, '2024-10-28 13:46:00'),
(28836387, 0.00, 0.00, 0.00, NULL, '2024-10-28 13:47:02'),
(28836388, 0.00, 0.00, 0.00, NULL, '2024-10-28 13:48:00'),
(28836389, 70.00, 100.00, 10.00, NULL, '2024-10-28 13:49:09'),
(28836390, 0.00, 0.00, 0.00, NULL, '2024-10-28 13:50:00'),
(28836391, 0.00, 0.00, 0.00, NULL, '2024-10-28 13:51:00'),
(28836392, 0.00, 0.00, 0.00, NULL, '2024-10-28 13:52:00'),
(28836393, 0.00, 0.00, 0.00, NULL, '2024-10-28 13:53:00'),
(28836394, 0.00, 0.00, 0.00, NULL, '2024-10-28 13:54:00'),
(28836395, 0.00, 0.00, 0.00, NULL, '2024-10-28 13:55:18'),
(28836396, 0.00, 0.00, 0.00, NULL, '2024-10-28 13:56:21'),
(28836397, 0.00, 0.00, 0.00, NULL, '2024-10-28 13:57:00'),
(28836398, 0.00, 0.00, 0.00, NULL, '2024-10-28 13:58:13'),
(28836399, 0.00, 0.00, 0.00, NULL, '2024-10-28 13:59:01'),
(28836400, 0.00, 0.00, 0.00, NULL, '2024-10-28 14:00:00'),
(28836402, 110.00, 110.00, 10.00, NULL, '2024-10-28 14:02:05'),
(28836403, 0.00, 0.00, 0.00, NULL, '2024-10-28 14:03:00'),
(28836404, 0.00, 0.00, 0.00, NULL, '2024-10-28 14:04:01'),
(28836406, 0.00, 0.00, 0.00, NULL, '2024-10-28 14:06:28'),
(28836407, 0.00, 0.00, 0.00, NULL, '2024-10-28 14:07:00'),
(28836431, 0.00, 0.00, 0.00, 'UP', '2024-10-28 14:31:37'),
(28836432, 0.00, 0.00, 0.00, NULL, '2024-10-28 14:32:00'),
(28836433, 10.00, 17.00, 11.00, 'UP', '2024-10-28 14:33:01'),
(28836434, 0.00, 0.00, 0.00, 'UP', '2024-10-28 14:34:00'),
(28836435, 0.00, 0.00, 0.00, NULL, '2024-10-28 14:35:00'),
(28836438, 0.00, 0.00, 0.00, NULL, '2024-10-28 14:38:21'),
(28836439, 0.00, 0.00, 0.00, NULL, '2024-10-28 14:39:00'),
(28836440, 0.00, 0.00, 0.00, 'DRAW', '2024-10-28 14:40:47'),
(28836441, 100.00, 100.00, 10.00, 'DRAW', '2024-10-28 14:41:00'),
(28836442, 0.00, 0.00, 0.00, NULL, '2024-10-28 14:42:00'),
(28836443, 0.00, 0.00, 0.00, NULL, '2024-10-28 14:43:15'),
(28836444, 0.00, 100.00, 0.00, 'UP', '2024-10-28 14:44:13'),
(28836445, 0.00, 0.00, 0.00, 'DOWN', '2024-10-28 14:45:24'),
(28836446, 0.00, 0.00, 0.00, 'DOWN', '2024-10-28 14:46:00'),
(28836447, 0.00, 0.00, 0.00, 'UP', '2024-10-28 14:47:00'),
(28836448, 0.00, 0.00, 0.00, 'DRAW', '2024-10-28 14:48:00'),
(28836449, 0.00, 0.00, 0.00, 'UP', '2024-10-28 14:49:00'),
(28836450, 0.00, 0.00, 0.00, NULL, '2024-10-28 14:50:00'),
(28836451, 0.00, 0.00, 0.00, 'DRAW', '2024-10-28 14:51:37'),
(28836452, 0.00, 0.00, 0.00, 'DRAW', '2024-10-28 14:52:00'),
(28836453, 0.00, 0.00, 0.00, NULL, '2024-10-28 14:53:00'),
(28836454, 0.00, 0.00, 0.00, 'DRAW', '2024-10-28 14:54:02'),
(28836455, 0.00, 0.00, 0.00, 'DRAW', '2024-10-28 14:55:01'),
(28836456, 0.00, 0.00, 0.00, NULL, '2024-10-28 14:56:01'),
(28836460, 0.00, 0.00, 0.00, NULL, '2024-10-28 15:00:28'),
(28836461, 0.00, 0.00, 0.00, NULL, '2024-10-28 15:01:42'),
(28836471, 0.00, 0.00, 0.00, NULL, '2024-10-28 15:11:24'),
(28836472, 0.00, 0.00, 0.00, NULL, '2024-10-28 15:12:23'),
(28836497, 0.00, 0.00, 0.00, 'UP', '2024-10-28 15:37:04'),
(28836498, 0.00, 0.00, 0.00, 'DRAW', '2024-10-28 15:38:00'),
(28836499, 0.00, 0.00, 0.00, 'UP', '2024-10-28 15:39:00'),
(28836500, 0.00, 0.00, 0.00, 'UP', '2024-10-28 15:40:00'),
(28836501, 0.00, 0.00, 0.00, 'UP', '2024-10-28 15:41:00'),
(28836502, 0.00, 0.00, 0.00, 'UP', '2024-10-28 15:42:00'),
(28836503, 0.00, 0.00, 0.00, 'UP', '2024-10-28 15:43:00'),
(28836504, 0.00, 0.00, 0.00, 'DOWN', '2024-10-28 15:44:00'),
(28836505, 0.00, 0.00, 0.00, 'DRAW', '2024-10-28 15:45:00'),
(28836506, 10.00, 0.00, 50.00, 'DOWN', '2024-10-28 15:46:00'),
(28836507, 0.00, 0.00, 0.00, 'DRAW', '2024-10-28 15:47:00'),
(28836508, 0.00, 0.00, 0.00, NULL, '2024-10-28 15:48:00'),
(28836510, 0.00, 0.00, 0.00, NULL, '2024-10-28 15:50:35'),
(28836511, 0.00, 0.00, 0.00, NULL, '2024-10-28 15:51:15'),
(28836512, 0.00, 0.00, 0.00, 'UP', '2024-10-28 15:52:43'),
(28836513, 0.00, 0.00, 0.00, NULL, '2024-10-28 15:53:00'),
(28836514, 0.00, 0.00, 0.00, 'UP', '2024-10-28 15:54:41'),
(28836515, 20.00, 20.00, 20.00, 'UP', '2024-10-28 15:55:01'),
(28836516, 20.00, 20.00, 20.00, 'UP', '2024-10-28 15:56:00'),
(28836517, 0.00, 0.00, 0.00, NULL, '2024-10-28 15:57:00'),
(28837076, 0.00, 0.00, 0.00, 'DRAW', '2024-10-29 01:16:09'),
(28837077, 0.00, 0.00, 0.00, 'DRAW', '2024-10-29 01:17:00'),
(28837078, 0.00, 0.00, 0.00, 'UP', '2024-10-29 01:18:00'),
(28837079, 0.00, 0.00, 0.00, NULL, '2024-10-29 01:19:00'),
(28837086, 0.00, 0.00, 0.00, 'DOWN', '2024-10-29 01:26:16'),
(28837087, 0.00, 0.00, 0.00, 'DRAW', '2024-10-29 01:27:00'),
(28837088, 0.00, 0.00, 0.00, 'UP', '2024-10-29 01:28:00'),
(28837089, 0.00, 0.00, 0.00, 'DRAW', '2024-10-29 01:29:00'),
(28837090, 0.00, 0.00, 0.00, 'DOWN', '2024-10-29 01:30:00'),
(28837091, 0.00, 0.00, 0.00, 'UP', '2024-10-29 01:31:00'),
(28837092, 0.00, 0.00, 0.00, 'DOWN', '2024-10-29 01:32:00'),
(28837093, 0.00, 0.00, 0.00, 'UP', '2024-10-29 01:33:00'),
(28837094, 0.00, 0.00, 0.00, NULL, '2024-10-29 01:34:00'),
(28837103, 0.00, 0.00, 0.00, 'DOWN', '2024-10-29 01:43:14'),
(28837104, 0.00, 0.00, 0.00, NULL, '2024-10-29 01:44:00'),
(28837107, 0.00, 0.00, 0.00, 'DRAW', '2024-10-29 01:47:36'),
(28837108, 20.00, 10.00, 10.00, 'DOWN', '2024-10-29 01:48:00'),
(28837109, 0.00, 0.00, 0.00, 'DOWN', '2024-10-29 01:49:00'),
(28837110, 0.00, 0.00, 0.00, NULL, '2024-10-29 01:50:01'),
(28837121, 10.00, 100.00, 20.00, 'UP', '2024-10-29 02:01:14'),
(28837122, 0.00, 0.00, 0.00, 'UP', '2024-10-29 02:02:01'),
(28837123, 0.00, 100.00, 50.00, 'UP', '2024-10-29 02:03:01'),
(28837124, 0.00, 0.00, 0.00, 'DOWN', '2024-10-29 02:04:00'),
(28837125, 0.00, 0.00, 0.00, 'UP', '2024-10-29 02:05:00'),
(28837126, 0.00, 0.00, 0.00, 'DRAW', '2024-10-29 02:06:00'),
(28837127, 0.00, 0.00, 0.00, 'DRAW', '2024-10-29 02:07:01'),
(28837128, 0.00, 0.00, 0.00, NULL, '2024-10-29 02:08:00'),
(28837137, 0.00, 0.00, 0.00, 'UP', '2024-10-29 02:17:52'),
(28837138, 70.00, 50.00, 100.00, 'DOWN', '2024-10-29 02:18:00'),
(28837139, 0.00, 0.00, 0.00, 'DOWN', '2024-10-29 02:19:00'),
(28837140, 0.00, 0.00, 0.00, 'DOWN', '2024-10-29 02:20:00'),
(28837141, 0.00, 0.00, 0.00, NULL, '2024-10-29 02:21:00'),
(28837143, 0.00, 0.00, 0.00, 'DOWN', '2024-10-29 02:23:03'),
(28837144, 0.00, 0.00, 0.00, NULL, '2024-10-29 02:24:00'),
(28837146, 0.00, 0.00, 0.00, NULL, '2024-10-29 02:26:50'),
(28837148, 100.00, 200.00, 100.00, 'UP', '2024-10-29 02:28:23'),
(28837149, 0.00, 0.00, 0.00, NULL, '2024-10-29 02:29:00'),
(28837152, 0.00, 0.00, 0.00, 'DRAW', '2024-10-29 02:32:43'),
(28837153, 51.00, 59.00, 10.00, 'DRAW', '2024-10-29 02:33:00'),
(28837154, 1000.00, 1000.00, 1000.00, 'UP', '2024-10-29 02:34:00'),
(28837155, 0.00, 1000.00, 0.00, 'UP', '2024-10-29 02:35:01'),
(28837156, 0.00, 0.00, 0.00, 'DOWN', '2024-10-29 02:36:00'),
(28837157, 0.00, 0.00, 0.00, 'DRAW', '2024-10-29 02:37:00'),
(28837158, 0.00, 0.00, 0.00, 'DRAW', '2024-10-29 02:38:00'),
(28837159, 0.00, 0.00, 0.00, 'DOWN', '2024-10-29 02:39:00'),
(28837160, 0.00, 0.00, 0.00, NULL, '2024-10-29 02:40:00'),
(28837161, 0.00, 0.00, 0.00, NULL, '2024-10-29 02:41:07'),
(28837163, 0.00, 0.00, 0.00, 'DRAW', '2024-10-29 02:43:19'),
(28837164, 0.00, 0.00, 0.00, 'DOWN', '2024-10-29 02:44:00'),
(28837165, 0.00, 0.00, 0.00, 'DOWN', '2024-10-29 02:45:00'),
(28837166, 0.00, 0.00, 0.00, 'DOWN', '2024-10-29 02:46:01'),
(28837167, 0.00, 0.00, 0.00, 'UP', '2024-10-29 02:47:00'),
(28837168, 0.00, 0.00, 0.00, NULL, '2024-10-29 02:48:00'),
(28837169, 0.00, 0.00, 0.00, NULL, '2024-10-29 02:49:05'),
(28837170, 0.00, 0.00, 0.00, 'UP', '2024-10-29 02:50:36'),
(28837171, 0.00, 0.00, 0.00, 'DRAW', '2024-10-29 02:51:00'),
(28837172, 0.00, 0.00, 0.00, NULL, '2024-10-29 02:52:00'),
(28837174, 0.00, 0.00, 0.00, 'DRAW', '2024-10-29 02:54:17'),
(28837175, 0.00, 0.00, 0.00, 'UP', '2024-10-29 02:55:01'),
(28837176, 0.00, 0.00, 0.00, 'DRAW', '2024-10-29 02:56:00'),
(28837177, 0.00, 0.00, 0.00, 'UP', '2024-10-29 02:57:00'),
(28837178, 20.00, 0.00, 0.00, NULL, '2024-10-29 02:58:01'),
(28837179, 0.00, 1000.00, 0.00, 'UP', '2024-10-29 02:59:21'),
(28837180, 0.00, 0.00, 0.00, 'DRAW', '2024-10-29 03:00:00'),
(28837181, 0.00, 0.00, 0.00, NULL, '2024-10-29 03:01:00'),
(28837182, 0.00, 0.00, 0.00, NULL, '2024-10-29 03:02:24'),
(28837183, 0.00, 100.00, 110.00, NULL, '2024-10-29 03:03:12'),
(28837184, 0.00, 0.00, 0.00, NULL, '2024-10-29 03:04:02'),
(28837189, 0.00, 0.00, 0.00, 'DOWN', '2024-10-29 03:09:53'),
(28837190, 0.00, 0.00, 0.00, 'DRAW', '2024-10-29 03:10:00'),
(28837191, 0.00, 0.00, 0.00, 'DOWN', '2024-10-29 03:11:01'),
(28837192, 0.00, 0.00, 0.00, 'DRAW', '2024-10-29 03:12:01'),
(28837193, 0.00, 0.00, 0.00, 'UP', '2024-10-29 03:13:00'),
(28837194, 0.00, 0.00, 0.00, 'DRAW', '2024-10-29 03:14:00'),
(28837195, 0.00, 0.00, 0.00, NULL, '2024-10-29 03:15:00'),
(28837204, 0.00, 0.00, 0.00, NULL, '2024-10-29 03:24:11'),
(28837209, 0.00, 0.00, 0.00, 'DRAW', '2024-10-29 03:29:00'),
(28837210, 0.00, 0.00, 0.00, 'DOWN', '2024-10-29 03:30:00'),
(28837211, 0.00, 0.00, 0.00, NULL, '2024-10-29 03:31:00'),
(28837214, 0.00, 0.00, 0.00, 'DRAW', '2024-10-29 03:34:59'),
(28837215, 1000.00, 1000.00, 100.00, 'DRAW', '2024-10-29 03:35:01'),
(28837216, 1000.00, 1000.00, 0.00, 'DRAW', '2024-10-29 03:36:00'),
(28837217, 0.00, 0.00, 0.00, 'UP', '2024-10-29 03:37:00'),
(28837218, 0.00, 0.00, 0.00, NULL, '2024-10-29 03:38:00'),
(28837219, 0.00, 0.00, 0.00, 'DRAW', '2024-10-29 03:39:44'),
(28837220, 0.00, 0.00, 0.00, NULL, '2024-10-29 03:40:00'),
(28837223, 0.00, 0.00, 0.00, 'UP', '2024-10-29 03:43:46'),
(28837224, 0.00, 50.00, 0.00, 'UP', '2024-10-29 03:44:00'),
(28837225, 0.00, 0.00, 0.00, 'DOWN', '2024-10-29 03:45:00'),
(28837226, 0.00, 0.00, 0.00, 'DRAW', '2024-10-29 03:46:00'),
(28837227, 0.00, 0.00, 0.00, 'UP', '2024-10-29 03:47:00'),
(28837228, 0.00, 0.00, 0.00, 'UP', '2024-10-29 03:48:01'),
(28837229, 0.00, 0.00, 0.00, 'DOWN', '2024-10-29 03:49:00'),
(28837230, 0.00, 0.00, 0.00, 'DOWN', '2024-10-29 03:50:00'),
(28837231, 0.00, 0.00, 0.00, 'UP', '2024-10-29 03:51:00'),
(28837232, 0.00, 0.00, 0.00, NULL, '2024-10-29 03:52:00'),
(28837233, 0.00, 0.00, 0.00, NULL, '2024-10-29 03:53:48'),
(28837234, 0.00, 0.00, 0.00, NULL, '2024-10-29 03:54:10'),
(28837236, 0.00, 0.00, 0.00, 'DOWN', '2024-10-29 03:56:31'),
(28837237, 0.00, 0.00, 0.00, 'UP', '2024-10-29 03:57:00'),
(28837238, 0.00, 0.00, 0.00, 'DOWN', '2024-10-29 03:58:00'),
(28837239, 0.00, 0.00, 0.00, NULL, '2024-10-29 03:59:01'),
(28837248, 0.00, 0.00, 0.00, NULL, '2024-10-29 04:08:21'),
(28837662, 0.00, 0.00, 0.00, 'DRAW', '2024-10-29 11:02:52'),
(28837663, 0.00, 0.00, 0.00, NULL, '2024-10-29 11:03:01'),
(28837671, 170.00, 150.00, 200.00, 'DOWN', '2024-10-29 11:11:04'),
(28837672, 0.00, 0.00, 0.00, NULL, '2024-10-29 11:12:00'),
(28837673, 0.00, 0.00, 0.00, 'UP', '2024-10-29 11:13:38'),
(28837674, 0.00, 0.00, 0.00, 'DRAW', '2024-10-29 11:14:00'),
(28837675, 0.00, 0.00, 0.00, 'UP', '2024-10-29 11:15:00'),
(28837676, 0.00, 0.00, 0.00, NULL, '2024-10-29 11:16:00'),
(28837679, 0.00, 0.00, 0.00, 'DRAW', '2024-10-29 11:19:50'),
(28837680, 0.00, 0.00, 0.00, 'DOWN', '2024-10-29 11:20:00'),
(28837681, 0.00, 0.00, 0.00, 'DOWN', '2024-10-29 11:21:00'),
(28837682, 0.00, 0.00, 0.00, NULL, '2024-10-29 11:22:00'),
(28837685, 0.00, 0.00, 10.00, 'UP', '2024-10-29 11:25:31'),
(28837686, 0.00, 0.00, 0.00, NULL, '2024-10-29 11:26:01'),
(28837687, 0.00, 0.00, 0.00, 'UP', '2024-10-29 11:27:10'),
(28837688, 0.00, 10.00, 0.00, 'UP', '2024-10-29 11:28:00'),
(28837689, 0.00, 0.00, 0.00, NULL, '2024-10-29 11:29:00'),
(28837690, 0.00, 0.00, 0.00, 'DRAW', '2024-10-29 11:30:47'),
(28837691, 0.00, 0.00, 0.00, 'UP', '2024-10-29 11:31:01'),
(28837692, 0.00, 0.00, 0.00, 'UP', '2024-10-29 11:32:00'),
(28837693, 0.00, 0.00, 0.00, 'DRAW', '2024-10-29 11:33:00'),
(28837694, 10.00, 0.00, 0.00, 'DRAW', '2024-10-29 11:34:00'),
(28837695, 0.00, 0.00, 0.00, 'DOWN', '2024-10-29 11:35:00'),
(28837696, 0.00, 0.00, 0.00, NULL, '2024-10-29 11:36:00'),
(28837698, 0.00, 0.00, 0.00, NULL, '2024-10-29 11:38:04'),
(28837699, 0.00, 0.00, 0.00, 'DOWN', '2024-10-29 11:39:13'),
(28837700, 0.00, 0.00, 0.00, 'DOWN', '2024-10-29 11:40:00'),
(28837701, 0.00, 0.00, 0.00, NULL, '2024-10-29 11:41:00'),
(28837702, 120.00, 100.00, 0.00, 'DRAW', '2024-10-29 11:42:23'),
(28837703, 0.00, 0.00, 0.00, NULL, '2024-10-29 11:43:00'),
(28837706, 100.00, 100.00, 60.00, 'UP', '2024-10-29 11:46:23'),
(28837707, 0.00, 0.00, 0.00, NULL, '2024-10-29 11:47:00'),
(28837708, 0.00, 0.00, 0.00, 'UP', '2024-10-29 11:48:02'),
(28837709, 0.00, 0.00, 0.00, NULL, '2024-10-29 11:49:00'),
(28837711, 1000.00, 2000.00, 200.00, 'DRAW', '2024-10-29 11:51:13'),
(28837712, 0.00, 0.00, 0.00, 'DOWN', '2024-10-29 11:52:00'),
(28837713, 0.00, 0.00, 0.00, NULL, '2024-10-29 11:53:00'),
(28837720, 0.00, 0.00, 0.00, NULL, '2024-10-29 12:00:01'),
(28837728, 0.00, 200.00, 0.00, NULL, '2024-10-29 12:08:28'),
(28837729, 30.00, 400.00, 600.00, NULL, '2024-10-29 12:09:00'),
(28837730, 0.00, 0.00, 0.00, NULL, '2024-10-29 12:10:01'),
(28837731, 0.00, 0.00, 0.00, NULL, '2024-10-29 12:11:01'),
(28837732, 0.00, 0.00, 0.00, NULL, '2024-10-29 12:12:00'),
(28837733, 0.00, 0.00, 0.00, NULL, '2024-10-29 12:13:01'),
(28837734, 0.00, 0.00, 0.00, NULL, '2024-10-29 12:14:01'),
(28837738, 0.00, 0.00, 0.00, NULL, '2024-10-29 12:18:24'),
(28837739, 0.00, 0.00, 0.00, NULL, '2024-10-29 12:19:00'),
(28837740, 0.00, 0.00, 0.00, NULL, '2024-10-29 12:20:00'),
(28837741, 0.00, 0.00, 0.00, NULL, '2024-10-29 12:21:57'),
(28837742, 0.00, 0.00, 0.00, NULL, '2024-10-29 12:22:01'),
(28837750, 0.00, 0.00, 0.00, NULL, '2024-10-29 12:30:27'),
(28837751, 0.00, 0.00, 0.00, NULL, '2024-10-29 12:31:01'),
(28837752, 0.00, 170.00, 200.00, NULL, '2024-10-29 12:32:00'),
(28837753, 0.00, 0.00, 0.00, NULL, '2024-10-29 12:33:00'),
(28837754, 0.00, 0.00, 0.00, NULL, '2024-10-29 12:34:00'),
(28837755, 0.00, 0.00, 0.00, NULL, '2024-10-29 12:35:01'),
(28837756, 0.00, 0.00, 0.00, NULL, '2024-10-29 12:36:01'),
(28837757, 0.00, 0.00, 0.00, NULL, '2024-10-29 12:37:00'),
(28837758, 0.00, 0.00, 0.00, NULL, '2024-10-29 12:38:00'),
(28837759, 0.00, 0.00, 0.00, NULL, '2024-10-29 12:39:00'),
(28837760, 0.00, 0.00, 0.00, NULL, '2024-10-29 12:40:00'),
(28837761, 110.00, 250.00, 50.00, NULL, '2024-10-29 12:41:01'),
(28837762, 0.00, 0.00, 0.00, NULL, '2024-10-29 12:42:00'),
(28837765, 0.00, 0.00, 0.00, NULL, '2024-10-29 12:45:00'),
(28837771, 0.00, 100.00, 0.00, NULL, '2024-10-29 12:51:27'),
(28837772, 650.00, 600.00, 650.00, NULL, '2024-10-29 12:52:00'),
(28837773, 0.00, 0.00, 0.00, NULL, '2024-10-29 12:53:00'),
(28837774, 0.00, 0.00, 0.00, NULL, '2024-10-29 12:54:01'),
(28837787, 0.00, 0.00, 0.00, NULL, '2024-10-29 13:07:54'),
(28837788, 0.00, 0.00, 0.00, NULL, '2024-10-29 13:08:00'),
(28837789, 0.00, 0.00, 0.00, NULL, '2024-10-29 13:09:00'),
(28837791, 0.00, 0.00, 0.00, NULL, '2024-10-29 13:11:53'),
(28837792, 0.00, 0.00, 0.00, NULL, '2024-10-29 13:12:00'),
(28837793, 0.00, 100.00, 0.00, 'UP', '2024-10-29 13:13:00'),
(28837794, 100.00, 20.00, 10.00, 'DOWN', '2024-10-29 13:14:00'),
(28837795, 1500.00, 1200.00, 100.00, 'DRAW', '2024-10-29 13:15:00'),
(28837796, 0.00, 0.00, 0.00, 'DRAW', '2024-10-29 13:16:00'),
(28837797, 0.00, 0.00, 0.00, 'DOWN', '2024-10-29 13:17:00'),
(28837798, 30.00, 30.00, 10.00, 'DRAW', '2024-10-29 13:18:00'),
(28837799, 0.00, 0.00, 0.00, 'DRAW', '2024-10-29 13:19:00'),
(28837800, 100.00, 210.00, 270.00, 'UP', '2024-10-29 13:20:01'),
(28837801, 0.00, 0.00, 0.00, NULL, '2024-10-29 13:21:00'),
(28837803, 0.00, 0.00, 0.00, 'DOWN', '2024-10-29 13:23:14'),
(28837804, 0.00, 0.00, 0.00, NULL, '2024-10-29 13:24:00'),
(28837805, 0.00, 0.00, 0.00, NULL, '2024-10-29 13:25:01'),
(28837806, 0.00, 0.00, 0.00, NULL, '2024-10-29 13:26:40'),
(28837949, 0.00, 0.00, 0.00, 'UP', '2024-10-29 15:49:58'),
(28837950, 0.00, 0.00, 0.00, NULL, '2024-10-29 15:50:00'),
(28838535, 0.00, 0.00, 100.00, 'UP', '2024-10-30 01:35:33'),
(28838536, 0.00, 0.00, 10.00, 'UP', '2024-10-30 01:36:00'),
(28838537, 0.00, 0.00, 0.00, NULL, '2024-10-30 01:37:00'),
(28838538, 0.00, 0.00, 0.00, 'UP', '2024-10-30 01:38:07'),
(28838539, 0.00, 0.00, 0.00, NULL, '2024-10-30 01:39:00'),
(28838542, 10.00, 10.00, 10.00, 'UP', '2024-10-30 01:42:25'),
(28838547, 10.00, 20.00, 20.00, 'UP', '2024-10-30 01:47:16'),
(28838551, 10.00, 0.00, 30.00, 'DOWN', '2024-10-30 01:51:19'),
(28838552, 0.00, 0.00, 0.00, NULL, '2024-10-30 01:52:00'),
(28838557, 20.00, 10.00, 10.00, 'DOWN', '2024-10-30 01:57:15'),
(28838558, 0.00, 0.00, 0.00, 'DOWN', '2024-10-30 01:58:39'),
(28838559, 10.00, 0.00, 0.00, 'DRAW', '2024-10-30 01:59:44'),
(28838560, 20.00, 20.00, 50.00, 'UP', '2024-10-30 02:00:00'),
(28838561, 0.00, 0.00, 0.00, 'DRAW', '2024-10-30 02:01:01'),
(28838562, 50.00, 200.00, 110.00, 'UP', '2024-10-30 02:02:00'),
(28838566, 0.00, 0.00, 0.00, 'DRAW', '2024-10-30 02:06:54'),
(28838567, 10.00, 10.00, 20.00, 'UP', '2024-10-30 02:07:01'),
(28838568, 0.00, 0.00, 0.00, 'DOWN', '2024-10-30 02:08:00'),
(28838569, 500.00, 200.00, 50.00, 'DRAW', '2024-10-30 02:09:00'),
(28838570, 0.00, 0.00, 0.00, 'DOWN', '2024-10-30 02:10:00'),
(28838571, 500.00, 100.00, 50.00, 'DOWN', '2024-10-30 02:11:00'),
(28838572, 500.00, 2200.00, 500.00, 'UP', '2024-10-30 02:12:01'),
(28838573, 0.00, 500.00, 0.00, NULL, '2024-10-30 02:13:01'),
(28838574, 10.00, 2000.00, 0.00, 'DRAW', '2024-10-30 02:14:06'),
(28838575, 0.00, 0.00, 0.00, NULL, '2024-10-30 02:15:00'),
(28838584, 2100.00, 2500.00, 300.00, 'DRAW', '2024-10-30 02:24:13'),
(28838585, 0.00, 0.00, 0.00, NULL, '2024-10-30 02:25:00'),
(28838590, 100.00, 100.00, 100.00, 'UP', '2024-10-30 02:30:26'),
(28838591, 100.00, 100.00, 100.00, 'UP', '2024-10-30 02:31:00'),
(28838592, 2000.00, 2000.00, 500.00, 'DRAW', '2024-10-30 02:32:00'),
(28838593, 0.00, 0.00, 0.00, NULL, '2024-10-30 02:33:00'),
(28838597, 0.00, 0.00, 0.00, NULL, '2024-10-30 02:37:21'),
(28838600, 0.00, 0.00, 0.00, NULL, '2024-10-30 02:40:44'),
(28838601, 0.00, 0.00, 0.00, NULL, '2024-10-30 02:41:09'),
(28839289, 0.00, 0.00, 0.00, 'DOWN', '2024-10-30 14:09:29'),
(28839290, 0.00, 0.00, 0.00, 'DOWN', '2024-10-30 14:10:01'),
(28839291, 5000.00, 0.00, 5000.00, 'DOWN', '2024-10-30 14:11:00'),
(28839292, 5000.00, 5000.00, 0.00, 'DRAW', '2024-10-30 14:12:00'),
(28839293, 0.00, 0.00, 0.00, 'DRAW', '2024-10-30 14:13:00'),
(28839294, 0.00, 0.00, 0.00, NULL, '2024-10-30 14:14:00'),
(28839296, 5600.00, 5500.00, 5500.00, 'DOWN', '2024-10-30 14:16:02'),
(28839297, 0.00, 0.00, 0.00, NULL, '2024-10-30 14:17:00'),
(28839298, 0.00, 0.00, 0.00, 'UP', '2024-10-30 14:18:00'),
(28839299, 0.00, 0.00, 0.00, NULL, '2024-10-30 14:19:00'),
(28839301, 0.00, 0.00, 0.00, NULL, '2024-10-30 14:21:43'),
(28839361, 0.00, 0.00, 0.00, 'DRAW', '2024-10-30 15:21:27'),
(28839362, 5000.00, 500.00, 2100.00, 'DOWN', '2024-10-30 15:22:00'),
(28839363, 0.00, 0.00, 0.00, NULL, '2024-10-30 15:23:00'),
(28839368, 150.00, 300.00, 550.00, 'UP', '2024-10-30 15:28:20'),
(28839369, 0.00, 0.00, 0.00, 'DOWN', '2024-10-30 15:29:00'),
(28839370, 200.00, 200.00, 70.00, 'DRAW', '2024-10-30 15:30:00'),
(28839371, 0.00, 0.00, 0.00, NULL, '2024-10-30 15:31:00'),
(28839372, 200.00, 0.00, 230.00, NULL, '2024-10-30 15:32:13'),
(28839373, 0.00, 0.00, 0.00, NULL, '2024-10-30 15:33:18'),
(28839395, 0.00, 0.00, 0.00, NULL, '2024-10-30 15:55:22'),
(28841618, 0.00, 10.00, 100.00, NULL, '2024-11-01 04:58:12'),
(28841639, 200.00, 200.00, 100.00, 'UP', '2024-11-01 05:19:24'),
(28841640, 0.00, 0.00, 0.00, NULL, '2024-11-01 05:20:01'),
(28842131, 500.00, 500.00, 500.00, 'UP', '2024-11-01 13:31:14'),
(28842253, 0.00, 0.00, 0.00, 'DRAW', '2024-11-01 15:33:33'),
(28842254, 500.00, 700.00, 500.00, 'UP', '2024-11-01 15:34:00'),
(28842255, 0.00, 0.00, 0.00, 'DRAW', '2024-11-01 15:35:00'),
(28842256, 0.00, 0.00, 0.00, NULL, '2024-11-01 15:36:00'),
(28842863, 5000.00, 5000.00, 5000.00, 'UP', '2024-11-02 01:43:11'),
(28842864, 0.00, 0.00, 0.00, NULL, '2024-11-02 01:44:00'),
(28842932, 5000.00, 5000.00, 5000.00, 'UP', '2024-11-02 02:52:28'),
(28842933, 0.00, 0.00, 0.00, NULL, '2024-11-02 02:53:01'),
(28843144, 0.00, 0.00, 0.00, 'UP', '2024-11-02 06:24:21'),
(28843145, 1500.00, 2500.00, 500.00, 'DRAW', '2024-11-02 06:25:00'),
(28843146, 0.00, 0.00, 0.00, 'UP', '2024-11-02 06:26:00'),
(28843294, 0.00, 0.00, 0.00, NULL, '2024-11-02 08:54:27'),
(28843310, 0.00, 0.00, 0.00, 'UP', '2024-11-02 09:10:44'),
(28843311, 0.00, 2000.00, 0.00, 'UP', '2024-11-02 09:11:00'),
(28843312, 0.00, 0.00, 0.00, 'DOWN', '2024-11-02 09:12:00'),
(28843313, 0.00, 0.00, 0.00, NULL, '2024-11-02 09:13:00'),
(28843359, 0.00, 0.00, 0.00, NULL, '2024-11-02 09:59:12'),
(28843621, 0.00, 0.00, 0.00, 'UP', '2024-11-02 14:21:51'),
(28843622, 0.00, 200.00, 0.00, 'UP', '2024-11-02 14:22:00'),
(28843623, 0.00, 0.00, 0.00, 'DRAW', '2024-11-02 14:23:00'),
(28843624, 500.00, 500.00, 500.00, 'UP', '2024-11-02 14:24:00'),
(28843625, 0.00, 0.00, 0.00, 'UP', '2024-11-02 14:25:00'),
(28843626, 0.00, 0.00, 0.00, NULL, '2024-11-02 14:26:01'),
(28843630, 0.00, 0.00, 0.00, 'UP', '2024-11-02 14:30:13'),
(28843631, 0.00, 0.00, 0.00, 'DOWN', '2024-11-02 14:31:00'),
(28843632, 0.00, 0.00, 0.00, 'DOWN', '2024-11-02 14:32:00'),
(28843633, 100.00, 200.00, 200.00, 'UP', '2024-11-02 14:33:00'),
(28843634, 0.00, 0.00, 0.00, NULL, '2024-11-02 14:34:00'),
(28843635, 0.00, 0.00, 0.00, 'DOWN', '2024-11-02 14:35:42'),
(28843636, 0.00, 0.00, 0.00, 'UP', '2024-11-02 14:36:00'),
(28843637, 0.00, 0.00, 0.00, 'UP', '2024-11-02 14:37:00'),
(28843638, 0.00, 0.00, 0.00, NULL, '2024-11-02 14:38:00'),
(28843640, 0.00, 0.00, 0.00, 'DRAW', '2024-11-02 14:40:47'),
(28843641, 0.00, 0.00, 0.00, NULL, '2024-11-02 14:41:00'),
(28843717, 0.00, 0.00, 0.00, 'DRAW', '2024-11-02 15:57:57'),
(28843718, 200.00, 500.00, 500.00, 'UP', '2024-11-02 15:58:00'),
(28843719, 0.00, 0.00, 0.00, NULL, '2024-11-02 15:59:00'),
(28844992, 0.00, 0.00, 0.00, 'DOWN', '2024-11-03 13:12:46'),
(28844993, 0.00, 0.00, 0.00, 'DRAW', '2024-11-03 13:13:00'),
(28844994, 0.00, 0.00, 0.00, 'UP', '2024-11-03 13:14:00'),
(28844995, 0.00, 0.00, 0.00, 'UP', '2024-11-03 13:15:00'),
(28844996, 0.00, 0.00, 0.00, 'UP', '2024-11-03 13:16:00'),
(28844997, 0.00, 0.00, 0.00, NULL, '2024-11-03 13:17:09'),
(28844999, 0.00, 0.00, 0.00, NULL, '2024-11-03 13:19:22'),
(28845004, 0.00, 0.00, 0.00, 'DRAW', '2024-11-03 13:24:36'),
(28845005, 0.00, 0.00, 0.00, NULL, '2024-11-03 13:25:00'),
(28845007, 0.00, 0.00, 0.00, 'DOWN', '2024-11-03 13:27:17'),
(28845008, 0.00, 0.00, 0.00, 'DOWN', '2024-11-03 13:28:01'),
(28845009, 0.00, 0.00, 0.00, NULL, '2024-11-03 13:29:00');

-- --------------------------------------------------------

--
-- Table structure for table `settings`
--

CREATE TABLE `settings` (
  `id` int(11) NOT NULL,
  `setting_key` varchar(50) NOT NULL,
  `value` decimal(10,6) NOT NULL,
  `updated_at` timestamp NOT NULL DEFAULT current_timestamp() ON UPDATE current_timestamp()
) ENGINE=InnoDB DEFAULT CHARSET=utf8mb4 COLLATE=utf8mb4_general_ci;

--
-- Dumping data for table `settings`
--

INSERT INTO `settings` (`id`, `setting_key`, `value`, `updated_at`) VALUES
(2, 'usdt_inr_rate', 82.500000, '2024-10-26 15:12:56');

-- --------------------------------------------------------

--
-- Table structure for table `transactions`
--

CREATE TABLE `transactions` (
  `id` int(11) NOT NULL,
  `user_id` int(11) NOT NULL,
  `invited_by` int(11) DEFAULT NULL,
  `amount` decimal(10,2) NOT NULL,
  `usdt_address` varchar(255) DEFAULT NULL,
  `usdt_value` decimal(10,2) DEFAULT NULL,
  `amount_usdt` decimal(10,2) NOT NULL,
  `status` enum('pending','approved','rejected') DEFAULT 'pending',
  `screenshot` varchar(255) DEFAULT NULL,
  `created_at` timestamp NOT NULL DEFAULT current_timestamp(),
  `updated_at` timestamp NOT NULL DEFAULT current_timestamp() ON UPDATE current_timestamp(),
  `transaction_type` enum('deposit','withdraw','vip') NOT NULL,
  `transaction_date` datetime DEFAULT current_timestamp(),
  `referral_bonus_given` tinyint(1) DEFAULT 0,
  `details` varchar(255) DEFAULT NULL
) ENGINE=InnoDB DEFAULT CHARSET=utf8mb4 COLLATE=utf8mb4_general_ci;

--
-- Dumping data for table `transactions`
--

INSERT INTO `transactions` (`id`, `user_id`, `invited_by`, `amount`, `usdt_address`, `usdt_value`, `amount_usdt`, `status`, `screenshot`, `created_at`, `updated_at`, `transaction_type`, `transaction_date`, `referral_bonus_given`, `details`) VALUES
(1, 158, NULL, 500.00, NULL, NULL, 0.00, 'approved', 'uploads/adiyogi art.jpg', '2024-11-02 06:33:05', '2024-11-02 06:33:12', 'deposit', '2024-11-02 12:03:05', 0, NULL),
(2, 158, NULL, 500.00, 'sivaraj904898498439', 6.02, 0.00, 'pending', NULL, '2024-11-02 06:34:06', '2024-11-02 06:34:06', '', '2024-11-02 12:04:06', 0, NULL),
(3, 158, NULL, 600.00, 'hfhgfhfhfhgfh', 7.23, 0.00, 'approved', NULL, '2024-11-02 06:53:23', '2024-11-02 06:55:36', 'withdraw', '2024-11-02 12:23:23', 0, NULL),
(4, 158, NULL, 700.00, 'photo fdfd', 8.43, 0.00, 'approved', NULL, '2024-11-02 06:57:29', '2024-11-02 08:17:22', 'withdraw', '2024-11-02 12:27:29', 0, NULL),
(5, 158, NULL, 500.00, '1223445567788', 6.02, 0.00, 'approved', 'uploads/6725d5ddb18f0.jpg', '2024-11-02 08:12:16', '2024-11-02 08:17:25', 'withdraw', '2024-11-02 13:42:16', 0, NULL),
(6, 158, NULL, 1000.00, NULL, NULL, 0.00, 'approved', 'uploads/adiyogi art.jpg', '2024-11-02 08:17:55', '2024-11-02 09:59:43', 'deposit', '2024-11-02 13:47:55', 0, NULL),
(7, 158, NULL, 500.00, '0999876654322', 6.02, 0.00, 'approved', 'uploads/6725e15a915f0.jpg', '2024-11-02 08:23:25', '2024-11-02 08:50:47', 'withdraw', '2024-11-02 13:53:25', 0, NULL),
(8, 158, NULL, 500.00, 'sssssssss', 6.02, 0.00, 'approved', 'uploads/6725e2ec41dd2.jpg', '2024-11-02 08:30:02', '2024-11-02 09:07:19', 'withdraw', '2024-11-02 14:00:02', 0, NULL),
(9, 158, NULL, 600.00, 'sivaraj2211', 7.23, 0.00, 'approved', 'uploads/6725e8e2407e5.jpg', '2024-11-02 08:56:00', '2024-11-02 09:07:20', 'withdraw', '2024-11-02 14:26:00', 0, NULL),
(10, 125, NULL, 3000.00, NULL, NULL, 0.00, 'approved', 'uploads/3D-Adiyogi-Shiv-Sculpture-Coimbatore-Wallpaper-for-Wall-710x488.jpg', '2024-11-02 15:19:32', '2024-11-02 15:19:40', 'deposit', '2024-11-02 20:49:32', 0, NULL),
(11, 158, NULL, 1000.00, NULL, NULL, 0.00, 'pending', 'uploads/3D-Adiyogi-Shiv-Sculpture-Coimbatore-Wallpaper-for-Wall-710x488.jpg', '2024-11-03 13:21:15', '2024-11-03 13:21:15', 'deposit', '2024-11-03 18:51:15', 0, NULL);

-- --------------------------------------------------------

--
-- Table structure for table `users`
--

CREATE TABLE `users` (
  `id` int(11) NOT NULL,
  `username` varchar(50) NOT NULL,
  `email` varchar(100) NOT NULL,
  `password` varchar(255) NOT NULL,
  `wallet_balance` decimal(10,2) DEFAULT 0.00,
  `wallet_withdrawable` decimal(10,2) DEFAULT 0.00,
  `vip_level` tinyint(4) DEFAULT 0,
  `vip_expiry` datetime DEFAULT NULL,
  `loss_recovery` decimal(5,2) DEFAULT 0.00,
  `created_at` timestamp NOT NULL DEFAULT current_timestamp(),
  `last_login` timestamp NULL DEFAULT NULL,
  `invite_code` varchar(10) DEFAULT NULL,
  `referred_by` int(11) DEFAULT NULL,
  `invited_by` int(11) DEFAULT NULL,
  `otp_code` varchar(6) DEFAULT NULL,
  `is_verified` tinyint(1) DEFAULT 0,
  `last_activity` datetime DEFAULT current_timestamp() ON UPDATE current_timestamp(),
  `account_status` varchar(20) DEFAULT 'active',
  `ban_reason` varchar(255) DEFAULT NULL,
  `session_token` varchar(255) DEFAULT NULL,
  `referral_reward_claimed` int(11) DEFAULT 0,
  `referred_bonus_given` tinyint(1) DEFAULT 0,
  `profile_image` varchar(255) DEFAULT 'default.png'
) ENGINE=InnoDB DEFAULT CHARSET=utf8mb4 COLLATE=utf8mb4_general_ci;

--
-- Dumping data for table `users`
--

INSERT INTO `users` (`id`, `username`, `email`, `password`, `wallet_balance`, `wallet_withdrawable`, `vip_level`, `vip_expiry`, `loss_recovery`, `created_at`, `last_login`, `invite_code`, `referred_by`, `invited_by`, `otp_code`, `is_verified`, `last_activity`, `account_status`, `ban_reason`, `session_token`, `referral_reward_claimed`, `referred_bonus_given`, `profile_image`) VALUES
(122, 'balaji', '78siva2@gmail.com', '$2y$10$qldMxHi2BEPpbtEce.rSaOT97R3328F9ZPurrLZifIaXk6iisKaau', 0.00, 0.00, 0, NULL, 0.00, '2024-10-24 13:39:48', NULL, 'BALCF3', NULL, 0, '551902', 1, '2024-11-02 20:57:51', 'active', NULL, NULL, 0, 0, 'default.png'),
(125, 'balaji1', 'sivasivaraj938@gmail.com', '$2y$10$A3eTEkHpzLDrqnhpNHpC.Ov.jTb2rj1qzI5h3Vo7AyH6vre1IzB/i', 3300.00, 18100.00, 2, '2024-11-29 03:32:11', 20.00, '2024-10-24 14:15:23', NULL, 'JLNWYU', NULL, 0, '490881', 1, '2024-11-02 20:49:40', 'active', NULL, NULL, 0, 0, 'uploads/siva.jpg'),
(126, 'suriya', 'vsjerry29@gmail.com', '$2y$10$ZsLzqGzM40tmgTxeY0yBCOFIPRkczDuisnZacf3yDhh3Tt8Hz0ThO', 0.00, 0.00, 0, NULL, 0.00, '2024-10-25 12:07:18', NULL, 'QGZEMN', NULL, 0, '278925', 1, '2024-10-29 21:21:51', 'active', NULL, NULL, 0, 0, 'uploads/siva.jpg'),
(127, 'siva12', 'siva12@gmail.com', '$2y$10$Ux.4ql1RDh1cstXbpaLOH.Idq0vxcqzTdZi6DMltwgOYJ../E887S', 430.00, 0.00, 1, '2024-11-25 13:20:06', 10.00, '2024-10-27 07:24:10', NULL, 'QRJXEB', NULL, 32332, '956242', 1, '2024-10-28 17:50:06', 'active', NULL, NULL, 50, 0, 'default.png'),
(128, 'siva34', 'siva34@gmail.com', '$2y$10$HdAN2UUfYGEvVTsZe.6MkO3Hw2Sa2GBfcwgyAZHdoqsPMJVlw/u2K', 1000.00, 0.00, 0, NULL, 0.00, '2024-10-27 07:46:20', NULL, 'A2EGTP', NULL, 0, '899501', 1, '2024-10-27 13:18:36', 'active', NULL, NULL, 0, 0, 'default.png'),
(146, '1', '1@gmail.com', '$2y$10$u21vufrUo//AZsVVwzusIO7rI0X7tTnRrfACDUsSw4ruhYozGJ6RS', 0.00, 1538.00, 2, '2024-11-28 12:47:50', 20.00, '2024-10-28 01:18:50', NULL, 'CFRL19', NULL, 127, '407506', 1, '2024-11-02 21:22:56', 'active', NULL, NULL, 0, 1, 'uploads/siva.jpg'),
(147, '2', '2@gmail.com', '$2y$10$b9dJ8U7LRudY/C8Yo5j9JOxAj.YkM4rO2An7t5Jq5CNrPQhecf0qa', 0.00, 2914.00, 1, '2024-11-28 03:28:15', 10.00, '2024-10-28 01:23:26', NULL, 'IPTJ28', NULL, 127, '824991', 1, '2024-10-29 09:24:20', 'active', NULL, NULL, 0, 1, 'uploads/spiderman-wallpaper.jpg'),
(148, '3', '3@gmail.com', '$2y$10$kTEPjcfObZiWEGEldnejB.C6TbwxQhVazwmAxkEV.Ra8F6UmGWshq', 500.00, 0.00, 0, NULL, 0.00, '2024-10-28 01:25:09', NULL, 'KHV9EC', NULL, 127, '287389', 1, '2024-10-28 07:00:08', 'active', NULL, NULL, 0, 1, 'default.png'),
(149, '4', '4@gmail.com', '$2y$10$azy7Xlfeh8Bf212ap.pGe./UUffy3EV7Xc9FoD64mfunmfolCi2sW', 500.00, 0.00, 0, NULL, 0.00, '2024-10-28 01:26:58', NULL, 'UDOT5F', NULL, 127, '334336', 1, '2024-10-28 07:00:08', 'active', NULL, NULL, 0, 1, 'default.png'),
(150, '5', '5@gmail.com', '$2y$10$QEWuqqg.aSzzmoOfgSPlWOCcgH5ztrnn6ereX9j8S0Tt3rCzM4BfG', 200.00, 0.00, 0, NULL, 0.00, '2024-10-28 01:27:59', NULL, 'G01YJN', NULL, 127, '542576', 1, '2024-10-28 07:00:09', 'active', NULL, NULL, 0, 1, 'default.png'),
(151, '11', '11@gmail.com', '$2y$10$TNHyinTwIDtqco9KJwhq8Oz8Lj/0SiWjhqmg72Q9Io9x1Ls7agBTG', 200.00, 0.00, 1, '2024-11-30 10:09:15', 0.00, '2024-10-28 12:27:25', NULL, 'MG276N', NULL, 146, '135161', 1, '2024-11-02 14:39:15', 'active', NULL, NULL, 0, 1, 'default.png'),
(152, '12', '12@gamil.com', '$2y$10$CtE03SFwmOzhoA6AHD0L6u7h1TjGEGsK./34XLcn9a6VqfKbG6AI6', 200.00, 0.00, 0, NULL, 0.00, '2024-10-28 12:29:01', NULL, 'KILBZE', NULL, 146, '928849', 1, '2024-10-28 18:07:45', 'active', NULL, NULL, 0, 1, 'default.png'),
(153, '13', '13@gmail.com', '$2y$10$ruhFlCOQ5Q/vQ2z0HmqI5esRJ/kaepEggZtZUmKB285Zdk.RsarOi', 200.00, 0.00, 0, NULL, 0.00, '2024-10-28 12:30:07', NULL, 'YMQVFU', NULL, 146, '871307', 1, '2024-10-28 18:07:44', 'active', NULL, NULL, 0, 1, 'default.png'),
(154, '14', '14@gmail.com', '$2y$10$3fjo/bqbR34l3FaXduPeH.LPMOfZIdG5/jpZad3XT1cgNzdgv3c8S', 200.00, 0.00, 0, NULL, 0.00, '2024-10-28 12:31:07', NULL, 'MN7Z56', NULL, 146, '200529', 1, '2024-10-28 18:07:46', 'active', NULL, NULL, 0, 1, 'default.png'),
(155, '15', '15@gmail.com', '$2y$10$qRXIXaDPGvzUjxop089ap.5Shqx8FT.jwUgiDpM1b3WC/0fB.UV6C', 200.00, 0.00, 0, NULL, 0.00, '2024-10-28 12:32:05', NULL, 'P2MQBE', NULL, 146, '560116', 1, '2024-10-28 18:07:46', 'active', NULL, NULL, 0, 1, 'default.png'),
(156, 'assaa', 'sssfsfd@gmail.com', '$2y$10$oz369tznPfp7gqQv.p48ju2.RbnA7iliY3BczcUS0SUYK1uLfMTAq', 0.00, 0.00, 0, NULL, 0.00, '2024-10-29 15:29:55', NULL, 'UREWX3', NULL, NULL, '653042', 0, '2024-10-29 20:59:55', 'active', NULL, NULL, 0, 0, 'default.png'),
(157, 'sivarajsss', 'aaa@gmail.com', '$2y$10$7N1X3JXvLB7fanUTKbtPoOpAVUzddUsoa9pTv1y0yH.wSzbvKr4e6', 0.00, 0.00, 0, NULL, 0.00, '2024-10-29 15:37:19', NULL, 'GJIQ7K', NULL, NULL, '829719', 0, '2024-10-29 21:07:19', 'active', NULL, NULL, 0, 0, 'default.png'),
(158, 'sivaraj', '78sivasj@gmail.com', '$2y$10$tPV5Xz9auKV0uYHnB3SsXe7VPeEIYwjWCVETtfoCvqELUaRXD9GY6', 0.00, 5950.00, 2, '2024-12-02 07:24:33', 20.00, '2024-11-02 06:23:05', NULL, '34MAEO', NULL, NULL, '277126', 1, NULL, 'active', NULL, NULL, 0, 0, 'uploads/adiyogi art.jpg'),
(159, 'jayakumar', 'sjkumarsri@gmail.com', '$2y$10$jOF7Z13IJWt7Dvld7dvSEeNhBsMoMTl9tzEYkfhW.KmjGrR6C/zD6', 0.00, 0.00, 0, NULL, 0.00, '2024-11-03 13:11:14', NULL, 'QE9K0W', NULL, NULL, '209989', 1, '2024-11-03 18:41:52', 'active', NULL, NULL, 0, 0, 'default.png');

-- --------------------------------------------------------

--
-- Table structure for table `withdraw_requests`
--

CREATE TABLE `withdraw_requests` (
  `id` int(11) NOT NULL,
  `user_id` int(11) NOT NULL,
  `amount` decimal(10,2) NOT NULL,
  `status` enum('pending','approved','rejected') DEFAULT 'pending',
  `created_at` timestamp NOT NULL DEFAULT current_timestamp()
) ENGINE=InnoDB DEFAULT CHARSET=utf8mb4 COLLATE=utf8mb4_general_ci;

--
-- Indexes for dumped tables
--

--
-- Indexes for table `admins`
--
ALTER TABLE `admins`
  ADD PRIMARY KEY (`id`),
  ADD UNIQUE KEY `username` (`username`),
  ADD UNIQUE KEY `email` (`email`);

--
-- Indexes for table `admin_transactions`
--
ALTER TABLE `admin_transactions`
  ADD PRIMARY KEY (`id`),
  ADD KEY `deposit_id` (`deposit_id`),
  ADD KEY `user_id` (`user_id`);

--
-- Indexes for table `bets`
--
ALTER TABLE `bets`
  ADD PRIMARY KEY (`id`);

--
-- Indexes for table `deposits`
--
ALTER TABLE `deposits`
  ADD PRIMARY KEY (`id`),
  ADD KEY `user_id` (`user_id`);

--
-- Indexes for table `messages`
--
ALTER TABLE `messages`
  ADD PRIMARY KEY (`id`),
  ADD KEY `user_id` (`user_id`);

--
-- Indexes for table `predictions`
--
ALTER TABLE `predictions`
  ADD PRIMARY KEY (`prediction_number`);

--
-- Indexes for table `settings`
--
ALTER TABLE `settings`
  ADD PRIMARY KEY (`id`),
  ADD UNIQUE KEY `setting_key` (`setting_key`);

--
-- Indexes for table `transactions`
--
ALTER TABLE `transactions`
  ADD PRIMARY KEY (`id`),
  ADD KEY `user_id` (`user_id`);

--
-- Indexes for table `users`
--
ALTER TABLE `users`
  ADD PRIMARY KEY (`id`),
  ADD UNIQUE KEY `username` (`username`),
  ADD UNIQUE KEY `email` (`email`),
  ADD UNIQUE KEY `invite_code` (`invite_code`),
  ADD KEY `referred_by` (`referred_by`);

--
-- Indexes for table `withdraw_requests`
--
ALTER TABLE `withdraw_requests`
  ADD PRIMARY KEY (`id`),
  ADD KEY `user_id` (`user_id`);

--
-- AUTO_INCREMENT for dumped tables
--

--
-- AUTO_INCREMENT for table `admins`
--
ALTER TABLE `admins`
  MODIFY `id` int(11) NOT NULL AUTO_INCREMENT, AUTO_INCREMENT=4;

--
-- AUTO_INCREMENT for table `admin_transactions`
--
ALTER TABLE `admin_transactions`
  MODIFY `id` int(11) NOT NULL AUTO_INCREMENT, AUTO_INCREMENT=3;

--
-- AUTO_INCREMENT for table `bets`
--
ALTER TABLE `bets`
  MODIFY `id` int(11) NOT NULL AUTO_INCREMENT, AUTO_INCREMENT=324;

--
-- AUTO_INCREMENT for table `deposits`
--
ALTER TABLE `deposits`
  MODIFY `id` int(11) NOT NULL AUTO_INCREMENT, AUTO_INCREMENT=7;

--
-- AUTO_INCREMENT for table `messages`
--
ALTER TABLE `messages`
  MODIFY `id` int(11) NOT NULL AUTO_INCREMENT, AUTO_INCREMENT=6;

--
-- AUTO_INCREMENT for table `predictions`
--
ALTER TABLE `predictions`
  MODIFY `prediction_number` int(11) NOT NULL AUTO_INCREMENT, AUTO_INCREMENT=28845010;

--
-- AUTO_INCREMENT for table `settings`
--
ALTER TABLE `settings`
  MODIFY `id` int(11) NOT NULL AUTO_INCREMENT, AUTO_INCREMENT=4;

--
-- AUTO_INCREMENT for table `transactions`
--
ALTER TABLE `transactions`
  MODIFY `id` int(11) NOT NULL AUTO_INCREMENT, AUTO_INCREMENT=12;

--
-- AUTO_INCREMENT for table `users`
--
ALTER TABLE `users`
  MODIFY `id` int(11) NOT NULL AUTO_INCREMENT, AUTO_INCREMENT=160;

--
-- AUTO_INCREMENT for table `withdraw_requests`
--
ALTER TABLE `withdraw_requests`
  MODIFY `id` int(11) NOT NULL AUTO_INCREMENT;

--
-- Constraints for dumped tables
--

--
-- Constraints for table `admin_transactions`
--
ALTER TABLE `admin_transactions`
  ADD CONSTRAINT `admin_transactions_ibfk_1` FOREIGN KEY (`deposit_id`) REFERENCES `deposits` (`id`),
  ADD CONSTRAINT `admin_transactions_ibfk_2` FOREIGN KEY (`user_id`) REFERENCES `users` (`id`);

--
-- Constraints for table `deposits`
--
ALTER TABLE `deposits`
  ADD CONSTRAINT `deposits_ibfk_1` FOREIGN KEY (`user_id`) REFERENCES `users` (`id`);

--
-- Constraints for table `messages`
--
ALTER TABLE `messages`
  ADD CONSTRAINT `messages_ibfk_1` FOREIGN KEY (`user_id`) REFERENCES `users` (`id`) ON DELETE CASCADE;

--
-- Constraints for table `transactions`
--
ALTER TABLE `transactions`
  ADD CONSTRAINT `transactions_ibfk_1` FOREIGN KEY (`user_id`) REFERENCES `users` (`id`);

--
-- Constraints for table `users`
--
ALTER TABLE `users`
  ADD CONSTRAINT `users_ibfk_1` FOREIGN KEY (`referred_by`) REFERENCES `users` (`id`);

--
-- Constraints for table `withdraw_requests`
--
ALTER TABLE `withdraw_requests`
  ADD CONSTRAINT `withdraw_requests_ibfk_1` FOREIGN KEY (`user_id`) REFERENCES `users` (`id`);
COMMIT;

/*!40101 SET CHARACTER_SET_CLIENT=@OLD_CHARACTER_SET_CLIENT */;
/*!40101 SET CHARACTER_SET_RESULTS=@OLD_CHARACTER_SET_RESULTS */;
/*!40101 SET COLLATION_CONNECTION=@OLD_COLLATION_CONNECTION */;
